	B	B	B	MP	MP	MP	NK	NK	NK
	p	logFC	p_adj	p	logFC	p_adj	p	logFC	p_adj
AC145212.1									
AC233755.2									
HES4									
TNFRSF18									
TNFRSF4									
MORN1									
MEGF6									
AL513320.1									
TNFRSF25									
UTS2									
AL139423.2									
MASP2									
DHRS3									
AC254633.1									
AL031283.2									
ID3									
CNR2									
RCAN3AS									
NCMAP-DT									
RUNX3									
ZNF683									
AL512408.1									
FGR									
IFI6									
ADGRB2									
SPOCD1									
TMEM234									
MARCKSL1									
FAM229A									
CLSPN									
AL139286.3									
AL603839.2									
AL139289.2									
TMEM275									
PDZK1IP1									
TAL1									
FOXD2-AS1									
TTC39A									
TUT4									
SLC1A7									
CDCP2									
TTC22									
DAB1									
JUN									
AL136985.1									
AC099791.2									
GNG12									
AC135803.1									
NEXN-AS1									
AC103591.3									
AC116099.1									
TTLL7									
AL359504.2									
AC092807.2									
AL121989.1									
GBP1									
GBP2									
GBP4									
GBP5									
AL596214.1									
TGFBR3									
GFI1									
AC118469.2									
AC092802.1									
AMIGO1									
GNAT2									
ALX3									
LINC02586									
AL355816.1									
DENND2D									
AL390195.2									
AL354760.1									
RHOC									
PTPN22									
BCL2L15									
AL365318.1									
IGSF3									
TRIM45									
ADAM30									
AC253572.2									
AC244453.3									
AL592494.1									
LINC00624									
OTUD7B									
CTSS									
THEM4									
S100A11									
TCHH									
FLG									
S100A12									
S100A8									
S100A4									
AL513523.4									
AL592078.2									
KCNN3									
PBXIP1									
DCST2									
MUC1									
THBS3									
C1orf61									
AL365181.2									
SH2D2A									
FCRL5									
FCRL3									
FCRL2									
FCRL1									
LINC01704									
AL121987.2									
TSTD1									
FCGR3A									
FCGR3B									
SH2D1B									
AL596325.1									
GPA33									
CD247									
GPR161									
XCL2									
CCDC181									
SELP									
AL137157.1									
TNFSF4									
AL162431.1									
GLUL									
NCF2									
COLGALT2									
AL445228.2									
AL713852.1									
PDC									
AL450352.1									
ATP6V1G3									
AL157402.1									
LINC01222									
MYOG									
CHI3L1									
GOLT1A									
LRRN2									
C1orf147									
FCMR									
AL034351.3									
USH2A									
AL356108.1									
HHIPL2									
CAPN8									
ENAH									
WNT9A									
PCNX2									
AL391832.4									
LYST									
AL359921.2									
AL359921.1									
CHRM3-AS2									
RGS7									
AL451007.3									
ISG15									
LINC01342									
TTLL10									
SCNN1D									
FO704657.1									
PLCH2									
PRDM16									
ARHGEF16									
TP73									
AJAP1									
AL031848.2									
SLC45A1									
RBP7									
PGD									
AL139423.1									
AL031731.1									
TNFRSF1B									
EFHD2									
PADI4									
HTR6									
OTUD3									
CDA									
C1QA									
C1QC									
C1QB									
AL109936.6									
RCAN3									
AL445648.1									
LDLRAP1									
AL034380.1									
SYTL1									
FO393419.2									
FAM167B									
LCK									
ZSCAN20									
DNALI1									
BMP8A									
AL033527.3									
TMCO2									
TIE1									
ARMH1									
BTBD19									
AL358075.2									
LINC00853									
AL050343.2									
ZFYVE9									
ZYG11A									
PODN									
LEXM									
AL035411.3									
ROR1									
CACHD1									
LRRC7									
AL354872.2									
AC104458.1									
AK5									
GIPC2									
IFI44L									
IFI44									
LINC01781									
AL035706.1									
AC099063.4									
ZNF326									
EPHX4									
RPAP2									
RPL5									
AC105942.1									
AL445928.2									
CELSR2									
CYB561D1									
GSTM1									
OLFML3									
CD2									
TENT5C									
AC245014.3									
CD160									
LINC01719									
AC239803.1									
LINC02804									
FCGR1A									
CIART									
FALEC									
AL590133.1									
TUFT1									
S100A9									
RPS27									
AQP10									
ATP8B2									
EFNA1									
TRIM46									
RXFP4									
AL139130.1									
TTC24									
BCAN									
CD1C									
MNDA									
PYHIN1									
FCER1A									
FCRL6									
AL590560.3									
SLAMF7									
NUF2									
AL158837.1									
AL359962.3									
XCL1									
C1orf112									
FMO1									
DNM3									
FASLG									
ZBTB37									
C1orf220									
AL137796.1									
RALGPS2									
FAM163A									
KIAA1614									
C1orf21									
AL133383.1									
RGS18									
RGS1									
RGS2									
AL138778.1									
AL358473.1									
LGR6									
PCAT6									
ATP2B4									
LAX1									
SOX13									
AL512306.3									
AC119673.1									
AC244034.2									
C4BPB									
CR1									
G0S2									
CENPF									
C1orf143									
FAM177B									
AC138393.3									
PRSS38									
OBSCN									
AL117350.1									
KCNK1									
TBCE									
RYR2									
AL365184.1									
GCSAML									
TRIM58									
OR2G6									
AC098483.1									
AL672291.1									
ADARB2									
AC022535.1									
AL732437.2									
IL2RA									
LINC00710									
PROSER2-AS1									
CCDC3									
C1QL3									
CUBN									
ST8SIA6									
SKIDA1									
ENKUR									
AL365203.2									
ITGB1									
PARD3									
ZNF488									
ANXA8									
AL589794.2									
LNCAROD									
SLC16A9									
RTKN2									
NEUROG3									
NPFFR1									
PRF1									
PSAP									
SPOCK2									
AC022540.1									
ZNF503									
DLG5									
SFTPD									
AL844892.1									
ANKRD22									
AL157400.3									
AL139124.1									
AL157834.2									
PDLIM1									
LINC00866									
HPSE2									
AL157786.1									
AL139120.1									
CCDC186									
ABLIM1									
AL731557.1									
WDR11-AS1									
FAM53B									
MKI67									
AL451164.1									
AL450322.1									
AKR1C3									
NET1									
AL137186.1									
PRKCQ-AS1									
LINC02648									
LINC00707									
GATA3									
SEC61A2									
OPTN									
AL157392.4									
ST8SIA6-AS1									
PLXDC2									
AL512598.1									
AL160291.1									
BAMBI									
AL391839.1									
CCDC7									
AL591684.1									
AGAP6									
AC069547.2									
PRKG1									
MTRNR2L5									
AC026391.1									
AL592430.1									
ARID5B									
TET1									
AL513534.2									
SRGN									
HKDC1									
COL13A1									
ADAMTS14									
DDIT4									
KAT6B									
AL132656.2									
PLAC9									
LDB3									
ADIRF									
IFIT2									
IFIT3									
IFIT1									
PDE6C									
SLC35G1									
PLCE1									
DNTT									
GOLGA7B									
CNNM1									
NKX2-3									
PAX2									
RPARP-AS1									
RBM20									
AL158163.2									
AL158163.1									
TCF7L2									
ATRNL1									
SLC18A2									
AC022395.1									
AL731566.3									
PLEKHA1									
HMX2									
FANK1									
AL158166.1									
PRAP1									
IFITM3									
ANO9									
IRF7									
SCT									
KRTAP5-2									
CTSD									
ASCL2									
CDKN1C									
HBB									
HBG1									
HBG2									
HPX									
AC107884.1									
DKK3									
TPH1									
NAV2-AS3									
LINC00678									
BDNF									
PAX6									
LMO2									
AC090469.1									
SLC1A2									
LRRC4C									
AC087521.2									
SPI1									
AGBL2									
PRG2									
AP003557.2									
AP003557.1									
MPEG1									
MS4A6A									
CYB561A3									
FTH1									
PLAAT5									
TMEM262									
LINC02736									
AP000759.1									
ZDHHC24									
AC004923.4									
ZNF705E									
PHOX2A									
AP003717.1									
UCP3									
WNT11									
LRRC32									
RSF1-IT1									
SYTL2									
GPR83									
SESN3									
MAML2									
MMP7									
MMP8									
PDGFD									
CWF19L2									
NPAT									
POU2AF1									
AP000880.1									
TMPRSS5									
APOA1									
DSCAML1									
JAML									
CD3D									
BCL9L									
AP003392.5									
THY1									
AP002762.2									
FEZ1									
ETS1									
C11orf45									
IGSF9B									
AP000911.1									
B3GAT1									
PGGHG									
IFITM1									
PKP3									
AC131934.1									
AP006621.3									
PANO1									
CD151									
TOLLIP-AS1									
BRSK2									
TNNT3									
TSPAN32									
CARS-AS1									
AC090587.2									
LINC02749									
OR52I1									
OR51M1									
SWAP70									
AC011092.3									
ZBED5-AS1									
AC021269.3									
SPON1									
PDE3B									
NUCB2									
BDNF-AS									
AC113192.3									
AL133330.2									
ACCSL									
MAPK8IP1									
AC024475.1									
AC127035.1									
FAM180B									
FAM111B									
MS4A3									
MS4A2									
MS4A7									
MS4A1									
CD6									
PPP1R32									
AP000753.1									
VEGFB									
SPDYC									
NEAT1									
MALAT1									
CTSW									
TSGA10IP									
ACTN3									
TBC1D10C									
LRP5									
MYEOV									
CCND1									
CTTN									
DEFB108B									
LRTOMT									
LINC01537									
ARAP1-AS1									
AP002993.1									
TPBGL									
AP001972.2									
SERPINH1									
AP001189.1									
LINC02734									
PRSS23									
KDM4E									
CEP126									
BIRC3									
NCAM1									
ZBTB16									
AP000462.3									
CD3E									
CD3G									
PHLDB1									
CXCR5									
UPK2									
NRGN									
TMEM45B									
APLP2									
ZBTB44-DT									
NTM									
LINC02731									
JAM3									
AP001775.2									
RAD52									
CACNA1C-AS1									
TEX52									
ACRBP									
PIANP									
AC018653.3									
AC018653.4									
CLEC4C									
SLC2A3									
CLEC4E									
AC092746.1									
AICDA									
KLRB1									
AC010186.1									
CD69									
CLEC1B									
CLEC7A									
KLRK1									
KLRC4									
KLRC3									
KLRC2									
KLRC1									
YBX3									
LRP6									
PLBD1									
GUCY2C									
LDHB									
KCNJ8									
ST8SIA1									
AC087318.1									
SOX5									
AC023510.2									
AC087257.1									
AC009511.2									
H3F3C									
KIF21A									
PUS7L									
NELL2									
AC079950.1									
SLC38A1									
AC025031.1									
PCED1B-AS1									
RAPGEF3									
AC004801.6									
AC024257.5									
FKBP11									
WNT10B									
LMBR1L									
KRT81									
KRT5									
KRT74									
KRT1									
ITGB7									
SP7									
CBX5									
TESPA1									
AC034102.6									
AC073896.4									
STAT2									
IFNG									
AC020656.1									
PTPRB									
PTPRR									
AC089984.1									
PHLDA1									
CEP290									
DUSP6									
CLLU1OS									
SOCS2-AS1									
AC073655.3									
AC073655.1									
AC073655.2									
USP44									
NTN4									
CCDC38									
LTA4H									
GNPTAB									
PMCH									
IGF1									
PAH									
NT5DC3									
AC011313.1									
NUAK1									
AC004551.1									
HRK									
LINC01089									
AC069503.4									
PITPNM2									
RILPL1									
LINC00944									
AC079949.1									
AC137590.1									
AC148476.1									
IQSEC3									
AC006207.1									
CCND2									
GALNT8									
CD9									
CD27									
AC006064.1									
AC006064.2									
PTMS									
LAG3									
ENO2									
C12orf57									
C1RL-AS1									
ZNF705A									
AC092745.1									
KLRG1									
A2M-AS1									
LINC00987									
AC092821.3									
CLEC2D									
KLRF1									
CLEC9A									
KLRD1									
LINC02446									
AC244131.2									
SPX									
AC092794.1									
AC055720.1									
AC024896.1									
MED21									
ETFBKMT									
AC121334.4									
C12orf40									
LRRK2									
PCED1B									
AC004466.1									
SCN8A									
KRT86									
TNS2									
SOAT2									
DGKA									
RPS26									
AC026120.3									
LRP1									
KIF5A									
DTX3									
SRGAP1									
MSRB3									
IRAK3									
HELB									
DYRK2									
IFNG-AS1									
LYZ									
GLIPR1L2									
NAV3									
AC010201.3									
AC123512.1									
CLLU1									
LINC02397									
C12orf74									
AC138123.2									
CRADD									
ALDH2									
AC073575.1									
AC004217.1									
DTX1									
CFAP73									
BICDL1									
BCL7A									
LRRC43									
B3GNT4									
HIP1R									
AC073912.1									
AC127070.1									
AC026786.2									
LINC00384									
ZAR1L									
MRPS31									
LINC01050									
TSC22D1									
KCTD4									
LCP1									
DLEU7									
TMEM272									
PCDH20									
PCDH9									
KLF12									
AL355390.1									
LMO7-AS1									
KCTD12									
SPRY2									
DCT									
DZIP1									
DOCK9									
GPR183									
CCDC168									
IRS2									
LINC00346									
LINC00565									
PSPC1-AS2									
AL136962.1									
LINC00543									
ALOX5AP									
LINC00545									
NBEA									
COG6									
WBP4									
NAA16									
RGCC									
NRAD1									
MED4-AS1									
OLFM4									
PCDH9-AS4									
LINC00402									
LINC00377									
SLITRK5									
GPC5									
GPC6									
AL137246.1									
TNFSF13B									
MCF2L									
F7									
OR10G2									
SLC7A7									
PPP1R3E									
GZMH									
GZMB									
NOVA1									
AL163973.2									
AL161665.1									
AL136298.1									
EGLN3									
AL162311.3									
AL049828.2									
NID2									
AL133444.1									
AL355073.1									
AL161756.1									
AL122035.1									
RAB15									
AL139022.2									
AL135978.2									
AL133313.1									
AL359317.2									
AC004817.3									
AC006146.1									
LTBP2									
TGFB3									
AL137230.1									
GPR68									
TC2N									
FBLN5									
SERPINA1									
TCL1A									
LINC02312									
AL132796.2									
BCL11B									
AL157912.1									
DEGS2									
AL157871.6									
WARS									
ANKRD9									
CKB									
LINC02280									
AL512356.4									
AL928654.1									
IGHA2									
IGHE									
IGHG4									
IGHG2									
IGHGP									
IGHA1									
IGHG1									
IGHG3									
IGHD									
IGHM									
IGHJ6									
IGHJ5									
IGHJ4									
IGHD4-11									
IGHVIII-2-1									
IGHV3-7									
IGHV3-13									
IGHV3-15									
IGHV1-18									
IGHV3-21									
IGHVII-22-1									
IGHV3-23									
IGHV1-24									
IGHV4-28									
IGHV3-30									
IGHV4-34									
IGHV4-39									
IGHV1-46									
IGHV3-53									
IGHV1-69									
IGHV1-69D									
IGHV3-73									
IGHV3-74									
EDDM3A									
RNASE6									
RNASE2									
TRAV1-1									
TRAV1-2									
TRAV2									
TRAV4									
TRAV5									
TRAV6									
TRAV10									
TRAV12-1									
TRAV8-2									
TRAV12-2									
TRAV8-4									
TRAV13-2									
TRAV14DV4									
TRAV12-3									
TRAV17									
TRAV20									
TRAV22									
TRAV23DV6									
TRDV1									
TRAV24									
TRAV25									
TRAV27									
TRAV30									
TRAV34									
TRAV36DV7									
TRAV38-2DV8									
TRAV39									
TRAV41									
TRDV2									
TRDJ1									
TRDC									
TRAJ61									
TRAJ58									
TRAJ54									
TRAJ51									
TRAJ49									
TRAJ48									
TRAJ47									
TRAJ45									
TRAJ39									
TRAJ37									
TRAJ35									
TRAJ32									
TRAJ30									
TRAJ26									
TRAJ24									
TRAJ21									
TRAJ19									
TRAJ13									
TRAJ12									
TRAJ9									
TRAJ6									
TRAC									
AL132780.1									
RNF212B									
CMTM5									
CARMIL3									
NFATC4									
AKAP6									
INSM2									
MIPOL1									
AL162632.3									
AL162632.1									
PTGDR									
PTGER2									
AL139317.3									
AL352979.2									
LGALS3									
DACT1									
PRKCH									
AL355916.1									
SYNE2									
PLEKHD1									
AC004816.2									
RGS6									
AC005225.3									
AL691403.2									
FOS									
AF111169.4									
AL133279.1									
AL122020.2									
AL135818.1									
IFI27									
TCL6									
TCL1B									
AL139020.1									
TUNAR									
EXOC3L4									
TNFAIP2									
AL583722.2									
CEP170B									
CLBA1									
CRIP2									
CRIP1									
AC246787.2									
FAM30A									
LINC00226									
OCA2									
AC127522.1									
GOLGA8R									
AC123768.3									
AC010809.3									
GOLGA8A									
GOLGA8B									
AC021231.1									
MEIS2									
RASGRP1									
AC022929.2									
C15orf56									
AC013356.3									
SPTBN5									
ELL3									
AC051619.6									
MYEF2									
HDC									
AC022087.1									
AC021752.1									
DMXL2									
AC020892.1									
AC090518.1									
ANXA2									
RORA									
DAPK2									
PCLAF									
RBPMS2									
AC013553.4									
IGDCC4									
AC011939.2									
ITGA11									
AC027237.2									
SCAPER									
TSPAN3									
ACSBG1									
AC027228.2									
RASGRF1									
BCL2A1									
AC027808.2									
GOLGA6L10									
AC105339.6									
FSD2									
AC021739.4									
KLHL25									
AC068831.1									
FAM174B									
AC015660.1									
AC027020.2									
PCSK6									
SNHG14									
APBA2									
AC114546.1									
AC116158.1									
AC116158.2									
LINC02694									
C15orf54									
THBS1									
AC023908.3									
AC091045.1									
STARD9									
AC090510.3									
MAP1A									
WDR76									
AC013452.2									
AC023906.3									
LINC00926									
LIPC									
AC009560.3									
AC073167.1									
SNX22									
AC100830.2									
AC100830.1									
SKOR1									
AC090826.2									
CPLX3									
AC090607.1									
CFAP161									
GOLGA6L9									
SH3GL3									
ALPK3									
LUNAR1									
SYNM									
AC090825.1									
RHBDF1									
Z69706.1									
AL031717.1									
AC093525.3									
AC004232.1									
GLIS2-AS1									
GRIN2A									
AC133065.1									
AC007014.1									
AC099489.1									
CPPED1									
MYH11									
NOMO2									
KNOP1									
IGSF6									
AC092375.2									
PDZD9									
AC092338.3									
LCMT1-AS2									
LINC02195									
AC138904.1									
SEZ6L2									
KCTD13									
SEPTIN1									
PYDC1									
AC026471.3									
AC007496.1									
AC007347.1									
AC009102.2									
AC009090.2									
KIFC3									
KCTD19									
SMPD3									
PHLPP2									
AC009075.1									
AC138627.1									
TMEM231									
DUXB									
WWOX-AS1									
AC106743.1									
MAF									
AC009148.1									
SDR42E1									
AC092142.1									
SLC38A8									
ATP2C2-AS1									
COTL1									
AC092127.2									
AC009108.3									
AC126696.3									
Z69666.1									
HBA2									
HBA1									
HBQ1									
FAM234A									
WDR90									
METRN									
AL023882.1									
AL031716.1									
TPSAB1									
AL032819.3									
AL031705.1									
TMEM204									
SNHG9									
TEDC2									
IL32									
AC108134.4									
AC004494.1									
DNASE1									
SMIM22									
AC022167.3									
TNFRSF17									
NPIPA1									
AC005632.6									
AC092338.1									
ATP2A1									
CD19									
LAT									
AC009133.3									
AC120114.1									
AC012645.2									
AC012645.4									
ITGAM									
ITGAD									
AC026471.5									
TGFB1I1									
IGHV1OR16-1									
AC007494.2									
AC023813.1									
LINC02180									
AC007342.4									
AC007342.5									
AC007342.1									
MT2A									
AC009090.6									
ADGRG1									
ADGRG3									
MMP15									
CMTM2									
PDP2									
TSNAXIP1									
AC126773.6									
DYNLRB2									
ADAD2									
AC092145.1									
AC018695.9									
IRF8									
AC092723.5									
JPH3									
AC126696.2									
AC137932.2									
CPNE7									
ZNF276									
MC1R									
FAM157C									
AC006435.3									
OR3A2									
ATP2A3									
VMO1									
DHX33									
KIAA0753									
CLEC10A									
HES7									
AURKB									
AC005277.2									
CDRT15									
CDRT1									
AC098850.1									
AC104024.4									
RASD1									
AC087164.1									
FOXO3B									
LGALS9B									
AC010761.2									
AC010761.4									
SEZ6									
SLC6A4									
AC011840.2									
OMG									
MYO1D									
SLFN13									
SLFN12L									
SLFN14									
GAS2L2									
MMP28									
AC015849.2									
CCL5									
CCL3									
CCL3L1									
AC243654.1									
HNF1B									
AC006449.2									
AC006441.3									
IKZF3									
GSDMB									
CCR7									
KRTAP4-12									
KRTAP4-6									
HAP1									
P3H4									
CCR10									
LINC00671									
PTGES3L									
AC060780.1									
MEOX1									
ITGA2B									
AC008105.1									
RPRML									
AC002558.3									
AC018521.7									
SKAP1									
AC103702.2									
SAMD14									
AC015909.2									
LINC02071									
MMD									
C17orf67									
AC007114.2									
AC015813.3									
TSPOAP1									
RNF43									
HSF5									
CD79B									
SCN4A									
LRRC37A3									
LINC00469									
CD300E									
AC016888.1									
QRICH2									
MXRA7									
AC016168.2									
LINC01973									
SOCS3									
DNAH17									
TBC1D16									
NPTX1									
AC110285.1									
CD7									
SECTM1									
ZNF750									
AC087392.1									
TRARG1									
SERPINF1									
DPH1									
TM4SF5									
GP1BA									
ALOX12									
ACAP1									
TMEM95									
NLGN2									
CD68									
DNAH2									
CHD3									
NT5M									
AC020558.1									
AC127537.1									
EPN2									
DHRS7B									
AC087294.1									
KCNJ12									
AC005697.2									
RPL23A									
ANKRD13B									
AC005899.5									
AC005899.1									
AC079336.4									
AC084809.1									
CCL2									
CCL7									
CCL8									
FNDC8									
AC015849.1									
AC243829.4									
CCL4									
AC243829.2									
CCL4L2									
AC243830.2									
AC243830.3									
MLLT6									
ZPBP2									
GSDMA									
IGFBP4									
TMEM99									
AC100793.2									
CNTNAP1									
RND2									
ASB16									
GRN									
MEIOC									
CR936218.1									
LRRC37A									
MYL4									
ITGB3									
TBKBP1									
TBX21									
SKAP1-AS1									
HOXB-AS1									
ABI3									
TOM1L1									
STXBP4									
NOG									
MSI2									
OR4D2									
EPX									
PPM1E									
VMP1									
AC080038.2									
RGS9									
AC007448.5									
AC005332.5									
AC005332.2									
AC007780.1									
AC124804.1									
KIF19									
OTOP2									
CDR2L									
SMIM5									
AC087289.5									
CDK3									
AANAT									
AC015802.1									
LINC02080									
LINC00868									
TNRC6C									
TMC8									
BIRC5									
AC022966.2									
AC100788.1									
LINC02078									
CARD14									
AC132872.2									
AC130371.2									
YES1									
AP005900.1									
AP005899.1									
AP001033.1									
AC006238.2									
CHMP1B-AS1									
AP005482.1									
AP005131.5									
AP005131.3									
AC027449.1									
TTC39C-AS1									
AC015961.1									
AC087683.3									
AC120049.1									
LOXHD1									
AC093567.1									
CFAP53									
AC098848.1									
TCF4									
BCL2									
AC009802.1									
DSEL									
GTSCR1									
AC125437.3									
AC104423.1									
AC018445.1									
TYMS									
AP001178.2									
DLGAP1-AS1									
DLGAP1-AS2									
AP002478.1									
DLGAP1-AS3									
RAB31									
GATA6									
TTC39C									
AC025887.2									
AC012123.1									
AC011815.2									
KIAA1328									
AC011139.1									
RNF165									
AC120349.1									
RAB27B									
CDH20									
AC110597.3									
DOK6									
AC091138.1									
AC018413.1									
AC018529.1									
AC124254.2									
AC018445.6									
PLPP2									
PRSS57									
ABHD17A									
GNG7									
TLE2									
KF456478.1									
MATK									
AC011498.3									
AC011491.3									
AC008760.1									
PCP2									
FCER2									
ADAMTS10									
ZNF560									
AC011511.2									
S1PR5									
AP1M2									
ILF3-DT									
AC011442.1									
AC024575.1									
ELAVL3									
ZNF878									
AC020916.1									
RASAL3									
AC020911.3									
AC020917.3									
AC020908.3									
AC010618.2									
UNC13A									
PDE4C									
LRRC25									
TSSK6									
PBX4									
AC011447.3									
ZNF737									
ZNF708									
AC123912.4									
AC139769.2									
AC020905.1									
AC005307.1									
ZNF30-AS1									
FAM187B									
DMKN									
AD000671.3									
TYROBP									
ZNF573									
AC011465.1									
PPP1R14A									
CAPN12									
C19orf47									
HIPK4									
BLVRB									
POU2F2									
AC006213.2									
AC007193.1									
GNG8									
SLC8A2									
ZNF541									
SULT2A1									
CABP5									
FAM83E									
MAMSTR									
TEAD2									
NOSIP									
KLK14									
NKG7									
LIM2									
FPR1									
ZNF665									
AC245052.4									
LILRB3									
LILRA5									
LILRA4									
LENG9									
AC020922.3									
AC005261.2									
ZSCAN18									
MADCAM1									
GZMM									
CFD									
AC027307.1									
TMPRSS9									
CELF5									
AC005786.3									
GIPC3									
ATCAY									
FSD1									
NRTN									
AC011471.2									
AC010503.4									
RETN									
TGFBR3L									
MBD3L1									
AC011451.1									
ZNF561-AS1									
AC008752.1									
P2RY11									
SLC44A2									
CNN1									
AC008770.3									
AC018761.2									
AC022098.4									
AC011509.3									
CYP4F3									
AC020917.2									
AC008764.6									
F2RL3									
NIBAN3									
IFI30									
AC005759.1									
YJEFN3									
ZNF101									
ZNF257									
AC011503.4									
AC007786.1									
AC007786.2									
PLEKHF1									
WDR88									
CHST8									
SCN1B									
CD22									
U62631.1									
LINC01531									
PROSER3									
APLP1									
AC092295.1									
ZNF382									
AC074138.1									
ZNF567									
ZNF540									
AC093227.3									
C19orf33									
CATSPERG									
AC022144.1									
IFNL1									
LGALS14									
AC243960.3									
LINC01480									
CD79A									
L34079.2									
SRRM5									
ZNF284									
APOC1									
FOSB									
PPM1N									
C5AR1									
FTL									
AC010524.1									
FLT3LG									
ADM5									
SPIB									
KLK2									
AC008750.7									
ZNF649-AS1									
ZNF528									
VN1R2									
AC008753.2									
LAIR2									
KIR2DL3									
KIR2DL1									
KIR3DL1									
KIR3DL2									
NCR1									
NLRP4									
EDDM13									
ZFP28									
ZSCAN4									
ZNF135									
RPS5									
AC012313.8									
FAM110C									
ALKAL2									
MYT1L									
RNF144A-AS1									
AC007463.1									
ODC1									
SMC6									
AC009411.1									
AGBL5-AS1									
UCN									
CDC42EP3									
LINC00211									
AC074366.1									
SLC8A1									
KCNG3									
LINC02590									
AC019129.2									
CCDC88A									
LGALSL-DT									
LINC01800									
LINC01829									
CNRIP1									
AC114802.1									
AAK1									
ADD2									
AC073046.3									
TRABD2A									
CAPG									
CD8A									
CD8B									
AC133644.2									
AC062029.1									
IGKC									
IGKJ5									
IGKJ1									
IGKV1-5									
IGKV1-6									
IGKV1-8									
IGKV1-9									
IGKV3-11									
IGKV3-15									
IGKV1-17									
IGKV2-18									
IGKV2-19									
IGKV3-20									
IGKV2-24									
IGKV1-27									
AC103563.2									
DUSP2									
ANKRD23									
ANKRD39									
SEMA4C									
MGAT4A									
AFF3									
LONRF2									
AC012360.3									
FHL2									
AC010978.1									
AC093675.2									
RGPD8									
IL1B									
TFCP2L1									
BIN1									
LYPD1									
CXCR4									
AC092620.2									
AC092652.1									
AC092652.2									
RBM43									
NEB									
AC012443.2									
ACVR1C									
BAZ2B									
CD302									
SLC38A11									
SCN3A									
SCN9A									
GPR155									
TTN									
CCDC141									
AC020595.1									
NCKAP1									
LINC01473									
TFPI									
COL5A2									
SLC40A1									
HIBCH									
AC093388.1									
STAT4									
CAVIN2									
C2CD6									
AC079354.3									
AC079354.2									
MDH1B									
IKZF2									
DIRC3									
CXCR1									
AC068946.3									
PTPRN									
SERPINE2									
IRS1									
GPR55									
AC017104.6									
NMUR1									
AC019130.1									
TIGD1									
AC064852.1									
LINC01891									
ARL4C									
IQCA1									
COL6A3									
AC112721.1									
AC112721.2									
AC012076.1									
LINC02610									
HES6									
PASK									
BOK-AS1									
AC114730.2									
PDCD1									
AC079779.1									
AC079779.2									
TPO									
AC231981.1									
COLEC11									
RSAD2									
AC013460.1									
AC092580.4									
LINC01871									
U91324.1									
ID2									
GRHL1									
RN7SL832P									
C2orf50									
TRIB2									
AC130814.1									
RHOB									
TDRD15									
KLHL29									
AC009228.1									
EFR3B									
GAREM2									
DNAJC5G									
TRIM54									
KRTCAP3									
TOGARAM2									
LBH									
LINC00486									
LTBP1									
VIT									
GPATCH11									
PLEKHH2									
LINC01118									
SPTBN1									
AC007381.2									
AC107081.2									
LGALSL									
MEIS1									
PLEK									
AC016700.3									
ANKRD53									
EMX1									
AC010913.1									
AC007681.1									
AC005034.6									
DNAH6									
AC022210.2									
VAMP5									
GNLY									
IGKV4-1									
IGKV1D-16									
IGKV1D-43									
MAL									
ANKRD36									
ZAP70									
IL18RAP									
GPR45									
AC012360.1									
NCK2									
ECRG4									
ZC3H6									
AC012442.1									
AC016745.2									
LINC01191									
PTPN4									
AC079776.5									
TNFAIP6									
UPP2									
TBR1									
SLC4A10									
AC019197.1									
TTC21B-AS1									
MYO3B									
ITGA6									
PDK1									
AC010894.3									
LINC01934									
AC021851.1									
FSIP2									
C2orf88									
AC067945.3									
AC067945.4									
AC013264.1									
AC020550.2									
AC011997.1									
CD28									
CTLA4									
PARD3B									
ZDBF2									
AC008269.1									
LINC01857									
MAP2									
AC007038.1									
VWC2L									
SNHG31									
AC073284.1									
GPBAR1									
SLC11A1									
VIL1									
AC009974.1									
TMEM198									
SP140									
ITM2C									
AC017104.3									
AC073476.3									
TRPM8									
AC122134.1									
AGAP1									
AC104667.1									
RAMP1									
ERFE									
AC012485.3									
AC124862.1									
ANO7									
BOK									
RTP5									
LINC01238									
AVP									
AL031670.1									
ESF1									
AL079338.1									
BFSP1									
DZANK1									
LINC00237									
CD93									
AL096677.1									
APMAP									
AL078587.1									
AL035071.2									
ITCH-AS1									
AL035420.2									
AL023803.1									
MAFB									
Z98752.4									
STK4-AS1									
WFDC10B									
TNNC2									
AL162458.1									
ZMYND8									
KCNB1									
KCNG1									
NFATC2									
ATP9A									
ZFP64									
AL391097.1									
AL109930.1									
PMEPA1									
CTSZ									
SYCP2									
AL162457.1									
LINC00659									
HAR1B									
STMN3									
SOX18									
C20orf202									
SNPH									
TMC2									
GNRH2									
CDC25B									
LINC01730									
SMOX									
AL121757.2									
SNAP25									
ISM1									
MACROD2									
SLC24A3									
CST7									
ZNF337-AS1									
ABALON									
HCK									
AL121583.1									
AL034550.1									
C20orf144									
PROCR									
MYL9									
PLCG1									
MYBL2									
TOX2									
PIGT									
CEBPB									
SMIM25									
LINC01270									
TSHZ2									
LINC01711									
TUBB1									
ZNF831									
LAMA5-AS1									
RPS21									
MHENCR									
LIME1									
AL121845.1									
CYYR1									
ADAMTS1									
AF165147.1									
AP000253.1									
TTC3-AS1									
AP001434.1									
ERG									
ERVH48-1									
SIK1									
LINC01547									
SLC19A1									
AL133492.1									
AP001469.3									
S100B									
AF127577.1									
CHODL									
MIR155HG									
JAM2									
AF129075.3									
MAP3K7CL									
MIS18A-AS1									
EVA1C									
LINC00310									
AP000704.1									
AF129408.1									
MX2									
MX1									
AP001046.1									
AIRE									
AP001062.2									
TSPEAR-AS1									
LINC01424									
PCBP3									
COL6A1									
COL6A2									
AP001469.1									
DIP2A									
GAB4									
AC008079.1									
AC004471.2									
CLDN5									
ARVCF									
AC007308.1									
YPEL1									
IGLL1									
VPREB3									
DERL3									
Z99774.1									
TTC28									
RFPL1S									
RNF215									
GAL3ST1									
SELENOM									
PIK3IP1									
C22orf24									
SLC5A4									
SYN3									
TMPRSS6									
IL2RB									
LGALS2									
AL031587.1									
SLC16A8									
KCNJ4									
PDGFB									
RPL3									
Z83847.1									
SHISA8									
TNFRSF13C									
CYP2D6									
CELSR1									
C22orf34									
AL022328.1									
MAPK12									
MAPK11									
SCO2									
TYMP									
AC006946.3									
AC000068.1									
AC000068.2									
SEPTIN5									
GP1BB									
LINC00896									
P2RX6									
AP000553.9									
IGLV4-69									
IGLV4-60									
VPREB1									
IGLV1-51									
IGLV1-47									
IGLV1-44									
IGLV2-23									
IGLV3-21									
IGLV3-19									
IGLV3-16									
IGLV2-14									
IGLV2-8									
IGLC1									
IGLC2									
IGLC3									
IGLC4									
IGLC5									
IGLC6									
IGLC7									
GNAZ									
RGL4									
SUSD2									
SGSM1									
KIAA1671									
MIAT									
LINC01422									
Z97353.2									
CABP7									
HORMAD2									
CCDC157									
AC004832.6									
AL008723.2									
TIMP3									
LARGE-AS1									
Z73429.1									
HMOX1									
Z80897.1									
Z82188.2									
LGALS1									
AL021707.3									
AL021707.1									
APOBEC3G									
TAB1									
CACNA1I									
GRAP2									
FAM83F									
MRTFA-AS1									
Z93241.1									
AL022476.1									
PRR5									
TTC38									
AL671710.1									
TMEM40									
EAF1-AS1									
COLQ									
DAZL									
AC091493.1									
SATB1									
AC061958.1									
ZNF385D									
SLC4A7									
EOMES									
OSBPL10									
AC097639.1									
SCN5A									
CX3CR1									
AC099332.1									
SNRK-AS1									
TMEM158									
XCR1									
CCR1									
ALS2CL									
RBM5-AS1									
CACNA2D2									
AC096920.1									
CISH									
AC099050.1									
SEMA3G									
TKT									
CHDH									
AC092418.2									
DNASE1L3									
FAM107A									
AC012557.1									
PROS1									
MTRNR2L12									
AC110491.3									
AC021660.4									
LINC00882									
IFT57									
RETNLB									
AC108693.2									
CCDC191									
ZNF80									
ZBTB20									
FSTL1									
HGD									
GOLGB1									
MYLK									
ITGB5									
GATA2									
AC112484.5									
H1FX									
AC055733.2									
AC107027.3									
BFSP2-AS1									
AC080128.2									
TFDP2									
PLS1-AS1									
CP									
GPR171									
P2RY13									
AC026347.1									
AC084036.1									
VEPH1									
AC080013.4									
RARRES1									
SPTSSB									
AC079822.1									
AC008040.1									
TNIK									
GHSR									
TNFSF10									
NAALADL2-AS2									
ZMAT3									
AC090425.2									
AC069431.1									
LIPH									
LINC02028									
ZDHHC19									
TM4SF19									
AC024560.4									
CHL1									
SETMAR									
TTLL3									
AC018809.2									
AC022001.2									
OXNAD1									
AC090948.3									
AC090644.1									
LINC02084									
CMC1									
LINC01811									
CTDSPL									
DLEC1									
ACVR2B									
AC092053.5									
RPSA									
MOBP									
RPL14									
ZNF621									
AC099560.1									
NKTR									
CCDC13-AS1									
ZNF660									
CCR9									
CXCR6									
AC105935.1									
IL17RB									
SPATA12									
DENND6A-AS1									
AC012557.2									
AC114401.1									
FOXP1-AS1									
AC097369.2									
GPR15									
NFKBIZ									
TRAT1									
PLCXD2									
PHLDB2									
CD200									
ZDHHC23									
AC093010.2									
TIGIT									
NR1I2									
AC092910.3									
EAF2									
CSTA									
PARP15									
PARP14									
AC112503.1									
MYLK-AS1									
RUVBL1-AS1									
GP9									
ACKR4									
EPHB1									
ESYT3									
RASA2-IT1									
GRK7									
SLC9A9-AS1									
CPA3									
MME									
LEKR1									
AC092919.1									
AC068759.1									
AC007620.3									
AHSG									
AC072022.1									
CCDC50									
AC124944.3									
MELTF-AS1									
AC107464.1									
SLC26A1									
SPON2									
HTT-AS									
LYAR									
C4orf50									
LINC002481									
AC097382.3									
AC105345.2									
CLNK									
FGFBP2									
LDB2									
FAM184B									
AC079921.1									
RBM47									
LINC00682									
TXK									
OCIAD2									
LRRC66									
AC110611.1									
HOPX									
SPINK2									
IGFBP7									
CENPC									
JCHAIN									
RASSF6									
PF4									
PPBP									
CXCL5									
CDKL2									
CXCL9									
CXCL10									
CXCL11									
AC098818.2									
PRKG2									
TMEM150C									
SCD5									
AC112250.2									
PPM1K									
GPRIN3									
STPG2									
TSPAN5									
DDIT4L									
SLC9B1									
DKK2									
LEF1									
COL25A1									
ELOVL6									
FABP2									
PDE5A									
TNIP3									
TMEM155									
TRPC3									
IL21									
AC096711.1									
UCP1									
INPP4B									
ZNF827									
AC093835.1									
MAP9									
GASK1B									
MARCH1									
MFAP3L									
HPGD									
AC022325.2									
VEGFC									
AC107214.1									
ACSL1									
MIR3945HG									
CFAP97									
SORBS2									
ZNF718									
AC092535.5									
AC147067.2									
GRK4									
MSANTD1									
AC113615.1									
S100P									
AC105345.1									
C1QTNF7									
AC108063.1									
LAP3									
AC092436.3									
LINC02506									
DTHD1									
AC095057.4									
RHOH									
CHRNA9									
SHISA3									
AC096734.2									
AC080132.1									
AC107068.2									
AC023154.1									
AC110792.2									
PDGFRA									
AC068620.2									
CXCL8									
PF4V1									
EREG									
AREG									
BMP3									
HERC5									
MMRN1									
AC114811.2									
AP002026.1									
AC097460.1									
BANK1									
AC004067.1									
UGT8									
MYOZ2									
USP53									
AC080089.2									
SPRY1									
FAT4									
AC112236.3									
AC110813.1									
FAM160A1									
AC092611.1									
AC097375.3									
FAM218A									
TENM3									
AC084871.3									
C4orf47									
TLR3									
KLKB1									
LINC01596									
DBET									
ZDHHC11B									
AC116351.1									
LINC02145									
AMACR									
AC026741.1									
AC008964.1									
AC108105.1									
AC016642.1									
ELOVL7									
AC025176.1									
MAST4-AS1									
AC116337.3									
GCNT4									
AC008897.2									
AC113404.1									
AC108174.1									
MEF2C									
SPATA9									
LIX1									
EFNA5									
AC008467.1									
EPB41L4A									
AC010267.1									
AC093535.1									
LMNB1-DT									
C5orf63									
RAPGEF6									
AC116366.2									
SMAD5-AS1									
AC106791.1									
SLC23A1									
MZB1									
NRG2									
CD14									
PLAC8L1									
PPP2R2B									
JAKMIP2									
AC114939.1									
CSF1R									
CD74									
SPARC									
FAXDC2									
AC016571.1									
AC008676.1									
LINC02227									
EBF1									
CCNJL									
DUSP1									
AC008429.1									
SNCB									
FAM153A									
AC140125.3									
RNF130									
FLT4									
PLEKHG4B									
AC026748.3									
AC026412.3									
LINC02236									
AC010491.2									
AC016575.1									
AC024588.1									
BASP1									
C5orf17									
AC008766.1									
TTC23L									
IL7R									
CCDC152									
AC025171.5									
FST									
HSPB3									
GZMK									
GZMA									
AC092354.2									
AC092353.1									
MAST4									
OCLN									
TMEM171									
ARHGEF28									
AC010501.2									
F2R									
AC008581.1									
THBS4									
RASGRF2									
ATP6AP1L									
VCAN									
AC109492.1									
LINC02161									
AC108102.1									
FAM81B									
LIX1-AS1									
CAMK4									
STARD4-AS1									
AC010261.1									
AC114284.1									
AC008679.1									
CHSY3									
CSF2									
AC004039.1									
TGFBI									
REEP2									
EGR1									
SMIM33									
CXXC5									
AC011379.2									
AC005618.1									
AC005740.4									
KCTD16									
AC011370.1									
MARCOL									
ABLIM3									
AC131025.1									
CYFIP2									
NIPAL4									
AC136424.1									
MIR3142HG									
ZNF454									
AC008610.1									
AC008443.6									
TUBB2A									
F13A1									
TXNDC5									
ERVFRD-1									
ADTRP									
GFOD1									
AL109914.1									
AL138824.1									
HIST1H1C									
HIST1H1D									
AL021807.1									
HIST1H2BJ									
HIST1H3J									
AL662890.1									
AL662844.4									
ATP6V1G2									
LTB									
NCR3									
VWA7									
ZBTB12									
PRRT1									
AL662884.3									
HLA-DRB5									
HLA-DRB1									
HLA-DQB1									
HLA-DOB									
HLA-DMB									
HLA-DMA									
HLA-DPA1									
AL591002.1									
SLC26A8									
Z84485.1									
CPNE5									
CCDC167									
TREML1									
GUCA1B									
AL355385.1									
AARS2									
AL096865.1									
AL035701.1									
ENPP5									
AL355353.1									
AL512347.1									
GCM1									
KLHL31									
AL021368.1									
COL9A1									
FO393414.3									
GJB7									
BACH2									
GPR63									
CD24									
SCML4									
LINC01268									
TRAPPC3L									
FAM184A									
KIAA0408									
SOGA3									
THEMIS									
AL355581.1									
SAMD3									
CCN2									
VNN2									
SLC2A12									
SGK1									
AL360178.2									
AL031772.1									
SYNE1									
RGS17									
AL589693.1									
AL355297.2									
AL139330.1									
SOD2									
AL590286.2									
PACRG-AS2									
Z97205.2									
TCTE3									
AL109910.2									
IRF4									
AL136307.1									
AL031123.5									
DSP									
BMP6									
AL022098.1									
AL133405.1									
AL158198.1									
AL132775.1									
SOX4									
HIST1H4A									
HIST1H2AC									
AL021918.4									
HIST1H3H									
HIST1H2BM									
HIST1H2BO									
OR2B6									
AL358933.1									
ZKSCAN3									
Z98745.1									
LINC01556									
MOG									
MDC1-AS1									
AL671883.3									
LTA									
LST1									
AIF1									
LY6G6F									
MPIG6B									
STK19									
EGFL8									
HLA-DRA									
HLA-DQA1									
HLA-DPB1									
HCG25									
RPS18									
PHF1									
ITPR3									
PACSIN1									
SCUBE3									
RPL10A									
PIM1									
PTCRA									
AL359813.1									
TJAP1									
RSPH9									
CAPN11									
AL034374.1									
COL19A1									
OGFRL1									
AL080250.1									
MYO6									
SH3BGRL2									
AL359715.3									
AL359715.1									
AL589740.1									
PRDM1									
SOBP									
SLC16A10									
CCN6									
AL360015.1									
MARCKS									
CALHM6									
RSPH4A									
C6orf58									
ARG1									
LINC01013									
STX11									
RAB32									
AKAP12									
ESR1									
OPRM1									
AL627422.2									
AL023775.2									
CCR6									
AL603783.1									
PDGFA									
PRKAR1B									
AC102953.2									
AC024028.1									
AC006042.4									
AC006042.2									
AC004852.2									
VWDE									
CRPPA									
STEAP1B									
KIAA0087									
HOXA9									
HOXA10									
TRIL									
CPVL									
RP9									
AOAH									
TRGC2									
TRGJP2									
TRGC1									
TRGJP									
TRGJP1									
TRGV9									
TRGV8									
TRGV7									
TRGV6									
TRGV4									
TRGV2									
POU6F2-AS2									
AC004837.4									
IGFBP3									
AC020743.1									
AC124014.1									
ERV3-1									
STX1A									
GTF2IRD2									
FGL2									
STEAP4									
AC000058.1									
CDK6									
PON1									
GJC3									
GAL3ST4									
PCOLCE-AS1									
UPK3BL2									
FBXL13									
EFCAB10									
TFEC									
AC073130.2									
ST7-AS2									
AC007938.2									
AC009275.1									
AC083870.1									
SLC13A4									
WEE2-AS1									
TAS2R38									
AC245427.2									
EPHA1									
CTAGE6									
ARHGEF35									
AC004877.1									
TMEM176B									
ATG9B									
WDR86									
LINC01006									
AC147651.1									
AC102953.1									
AC104129.1									
CHST12									
AC073343.2									
AC006042.1									
TSPAN13									
SNX10									
CREB5									
POU6F2									
STK17A									
AC073115.2									
ABCA13									
LINC02848									
ZNF727									
ZNF92									
KCTD7									
SPDYE21P									
NCF1									
TRIM73									
HSPB1									
CD36									
ADAM22									
AC002383.1									
STEAP2									
GNG11									
PPP1R9A									
BHLHA15									
AC093799.1									
NPTX2									
CYP3A43									
SERPINE1									
COL26A1									
ORAI2									
AC004884.2									
PRKAR2B									
LRRN3									
CAV2									
CAV1									
LMOD2									
AC000123.1									
SMKR1									
CPA5									
AC007938.3									
AC016831.6									
LINC00513									
AC058791.1									
CALD1									
AGBL3									
CLEC2L									
TRBV3-1									
TRBV5-1									
TRBV6-1									
TRBV6-2									
TRBV10-1									
TRBV11-2									
TRBV6-7									
TRBV7-9									
TRBV13									
TRBV14									
TRBV16									
TRBV18									
TRBV21-1									
TRBV23-1									
TRBV24-1									
MTRNR2L6									
TRBVB									
TRBV27									
TRBV29-1									
PRSS2									
TRBJ1-6									
TRBC1									
TRBJ2-1									
TRBJ2-4									
TRBJ2-7									
TRBC2									
PIP									
CNTNAP2									
ZNF783									
LINC00996									
TMEM176A									
AC021097.1									
AC006372.1									
AC100810.7									
AF287957.1									
AC069185.1									
USP17L7									
AC021613.1									
AC105046.1									
AC120193.1									
NEFL									
CLU									
AC021678.2									
DUSP4									
MBOAT4									
AC026979.2									
AC026979.1									
PLPP5									
ZMAT4									
CEBPD									
AC103769.1									
SDR16C5									
TOX									
AC068389.3									
PDE7A									
AC009879.4									
MYBL1									
SLCO5A1									
SBSPON									
TPD52									
C8orf88									
FSBP									
AP003692.1									
AC068189.2									
MIR3150BHG									
AC018442.2									
SNX31									
AP003469.2									
NCALD									
KLF10									
AC025370.2									
AC012213.3									
TRPS1									
AC108136.1									
AC090921.1									
MTSS1									
LRATD2									
CASC8									
AC108925.1									
AF230666.1									
ST3GAL1									
AC011676.1									
ARC									
LYPD2									
AF235103.3									
ZNF596									
ARHGEF10									
AC104964.4									
BLK									
AC124242.3									
SH2D4A									
AC103719.1									
DMTN									
PIWIL2									
TNFRSF10A-AS1									
AC108449.1									
AC087623.1									
IDO1									
AC087533.1									
XKR4									
LYN									
AC090152.1									
AC113143.3									
AC022182.1									
VXN									
AC022893.1									
AC027018.1									
AC087627.1									
AC036214.4									
CA3									
AC100801.1									
LINC00534									
LRRC69									
SLC26A7									
AC117834.1									
AC010834.3									
AC010834.1									
AP003696.1									
AP003354.1									
BAALC									
DCSTAMP									
AARD									
AC023590.1									
AC068228.3									
WDYHV1									
POU5F1B									
MYC									
LINC02055									
AC011676.3									
ZNF707									
WDR97									
ZNF252P-AS1									
AL136979.1									
AL354977.1									
AL136980.1									
AL133480.1									
BNC2									
MLLT3									
IFNA5									
AL157937.1									
AL353746.1									
AQP3									
ENHO									
AL355377.3									
CD72									
SIT1									
TPM2									
SPAG8									
PAX5									
AL512604.2									
AL590399.3									
C9orf135-DT									
CEMIP2									
LINC01474									
ALDH1A1									
AL137018.1									
NMRK1									
TLE1									
AL353743.2									
AL157936.1									
FANCC									
PTCH1									
AL160269.1									
ZNF367									
ZNF510									
HEMGN									
AL354726.1									
SMC2-AS1									
OR13C9									
KLF4									
AL358779.1									
CTNNAL1									
TMEM245									
AL390067.1									
MEGF9									
OR1L8									
AC007066.3									
AK1									
FAM102A									
ODF2-AS1									
AL592211.1									
PTGES									
AL157938.2									
AL157938.3									
AL358781.2									
DBH-AS1									
BX649632.1									
FCN1									
C9orf116									
AL161452.1									
CCDC183-AS1									
AL807752.5									
CLIC3									
ABCA2									
NPDC1									
LRRC26									
STPG3-AS1									
AL954642.1									
KANK1									
VLDLR									
JAK2									
ACER2									
AL158206.1									
AL355432.1									
ANKRD18B									
AL356489.3									
IL11RA									
NPR2									
AL161781.2									
ZCCHC7									
AL513165.1									
FAM201A									
ANKRD20A4									
FAM189A2									
ANXA1									
CARNMT1-AS1									
CEP78									
AL162585.1									
AL158071.1									
SUSD3									
NUTM2G									
LINC01505									
PALM2-AKAP2									
ZNF483									
UGCG									
SLC31A2									
ORM1									
PAPPA									
AL359644.1									
AL359636.2									
OR1K1									
MIR181A2HG									
ARPC5L									
TTC16									
AL162586.2									
AL162586.1									
AL157935.1									
LCN2									
AL158151.1									
AL161785.2									
AL161785.3									
AL158207.2									
LAMC3									
GFI1B									
STKLD1									
BX649601.1									
COL5A1									
KCNT1									
C9orf163									
AL592301.1									
DIPK1B									
AJM1									
PTGDS									
NLGN4X									
AC004554.2									
PIR									
AP1S2									
BEND2									
AL807742.1									
KLHL34									
AL592156.2									
AC108879.1									
LINC01281									
CFP									
PCSK1N									
PIM2									
FOXP3									
DGKK									
SHROOM4									
WNK3									
NLRP2B									
ASB12									
AL139398.1									
CXCR3									
ERCC6L									
CITED1									
XIST									
NEXMIF									
PGAM4									
ITM2A									
POF1B									
TSPAN6									
SYTL4									
XKRX									
ZMAT1									
BEX2									
SLC25A53									
NUP62CL									
TRPC5									
TENM1									
MCF2									
LDOC1									
PDZD4									
AC244090.3									
IL3RA									
AL683807.1									
CLCN4									
OFD1									
BMX									
PHKA2-AS1									
EIF1AX-AS1									
CNKSR2									
SAT1									
MAGEB2									
LANCL3									
XK									
CYBB									
CCNB3									
AL158055.1									
TSPYL2									
PAGE2									
KLF8									
FAAH2									
LINC00891									
TSIX									
SLC16A2									
P2RY10									
GPR174									
DACH2									
FAM133A									
TCEAL7									
BEX3									
MORF4L2-AS1									
RADX									
FRMPD3									
PGRMC1									
RHOXF1-AS1									
AC002377.1									
AL359851.1									
SMIM10L2A									
FHL1									
LINC00892									
CD40LG									
FMR1-IT1									
BX546450.2									
PLXNA3									
AC009494.2									
