	factor_1	factor_2	factor_3
AC145212.1	0.0	0.0	0.0
AC233755.2	0.0	0.0	0.0
HES4	0.0	0.0	0.0
TNFRSF18	0.0	0.0	0.0
TNFRSF4	0.0	0.0	0.0
MORN1	0.0	0.0	0.0
MEGF6	0.0	0.0	0.0
AL513320.1	0.0	0.0	0.0
TNFRSF25	0.0	0.0	0.0
UTS2	0.0	0.0	0.0
AL139423.2	0.0	0.0	0.0
MASP2	0.0	0.0	0.0
DHRS3	0.0	0.0	0.0
AC254633.1	0.0	0.0	0.0
AL031283.2	0.0	0.0	0.0
ID3	0.0	0.0	0.0
CNR2	0.0	0.0	0.0
RCAN3AS	0.0	0.0	0.0
NCMAP-DT	0.0	0.0	0.0
RUNX3	0.0	0.0	0.0
ZNF683	0.0	0.0	0.0
AL512408.1	0.0	0.0	0.0
FGR	0.0	0.0	0.0
IFI6	0.0	0.0	0.0
ADGRB2	0.0	0.0	0.0
SPOCD1	0.0	0.0	0.0
TMEM234	0.0	0.0	0.0
MARCKSL1	0.0	0.0	0.0
FAM229A	0.0	0.0	0.0
CLSPN	0.0	0.0	0.0
AL139286.3	0.0	0.0	0.0
AL603839.2	0.0	0.0	0.0
AL139289.2	0.0	0.0	0.0
TMEM275	0.0	0.0	0.0
PDZK1IP1	0.0	0.0	0.0
TAL1	0.0	0.0	0.0
FOXD2-AS1	0.0	0.0	0.0
TTC39A	0.0	0.0	0.0
TUT4	0.0	0.0	0.0
SLC1A7	0.0	0.0	0.0
CDCP2	0.0	0.0	0.0
TTC22	0.0	0.0	0.0
DAB1	0.0	0.0	0.0
JUN	0.0	0.0	0.0
AL136985.1	0.0	0.0	0.0
AC099791.2	0.0	0.0	0.0
GNG12	0.0	0.0	0.0
AC135803.1	0.0	0.0	0.0
NEXN-AS1	0.0	0.0	0.0
AC103591.3	0.0	0.0	0.0
AC116099.1	0.0	0.0	0.0
TTLL7	0.0	0.0	0.0
AL359504.2	0.0	0.0	0.0
AC092807.2	0.0	0.0	0.0
AL121989.1	0.0	0.0	0.0
GBP1	0.0	0.0	0.0
GBP2	0.0	0.0	0.0
GBP4	0.0	0.0	0.0
GBP5	0.0	0.0	0.0
AL596214.1	0.0	0.0	0.0
TGFBR3	0.0	0.0	0.0
GFI1	0.0	0.0	0.0
AC118469.2	0.0	0.0	0.0
AC092802.1	0.0	0.0	0.0
AMIGO1	0.0	0.0	0.0
GNAT2	0.0	0.0	0.0
ALX3	0.0	0.0	0.0
LINC02586	0.0	0.0	0.0
AL355816.1	0.0	0.0	0.0
DENND2D	0.0	0.0	0.0
AL390195.2	0.0	0.0	0.0
AL354760.1	0.0	0.0	0.0
RHOC	0.0	0.0	0.0
PTPN22	0.0	0.0	0.0
BCL2L15	0.0	0.0	0.0
AL365318.1	0.0	0.0	0.0
IGSF3	0.0	0.0	0.0
TRIM45	0.0	0.0	0.0
ADAM30	0.0	0.0	0.0
AC253572.2	0.0	0.0	0.0
AC244453.3	0.0	0.0	0.0
AL592494.1	0.0	0.0	0.0
LINC00624	0.0	0.0	0.0
OTUD7B	0.0	0.0	0.0
CTSS	0.0	0.0	0.0
THEM4	0.0	0.0	0.0
S100A11	0.0	0.0	0.0
TCHH	0.0	0.0	0.0
FLG	0.0	0.0	0.0
S100A12	0.0	0.0	0.0
S100A8	0.0	0.0	0.0
S100A4	0.0	0.0	0.0
AL513523.4	0.0	0.0	0.0
AL592078.2	0.0	0.0	0.0
KCNN3	0.0	0.0	0.0
PBXIP1	0.0	0.0	0.0
DCST2	0.0	0.0	0.0
MUC1	0.0	0.0	0.0
THBS3	0.0	0.0	0.0
C1orf61	0.0	0.0	0.0
AL365181.2	0.0	0.0	0.0
SH2D2A	0.0	0.0	0.0
FCRL5	0.0	0.0	0.0
FCRL3	0.0	0.0	0.0
FCRL2	0.0	0.0	0.0
FCRL1	0.0	0.0	0.0
LINC01704	0.0	0.0	0.0
AL121987.2	0.0	0.0	0.0
TSTD1	0.0	0.0	0.0
FCGR3A	0.0	0.0	0.0
FCGR3B	0.0	0.0	0.0
SH2D1B	0.0	0.0	0.0
AL596325.1	0.0	0.0	0.0
GPA33	0.0	0.0	0.0
CD247	0.0	0.0	0.0
GPR161	0.0	0.0	0.0
XCL2	0.0	0.0	0.0
CCDC181	0.0	0.0	0.0
SELP	0.0	0.0	0.0
AL137157.1	0.0	0.0	0.0
TNFSF4	0.0	0.0	0.0
AL162431.1	0.0	0.0	0.0
GLUL	0.0	0.0	0.0
NCF2	0.0	0.0	0.0
COLGALT2	0.0	0.0	0.0
AL445228.2	0.0	0.0	0.0
AL713852.1	0.0	0.0	0.0
PDC	0.0	0.0	0.0
AL450352.1	0.0	0.0	0.0
ATP6V1G3	0.0	0.0	0.0
AL157402.1	0.0	0.0	0.0
LINC01222	0.0	0.0	0.0
MYOG	0.0	0.0	0.0
CHI3L1	0.0	0.0	0.0
GOLT1A	0.0	0.0	0.0
LRRN2	0.0	0.0	0.0
C1orf147	0.0	0.0	0.0
FCMR	0.0	0.0	0.0
AL034351.3	0.0	0.0	0.0
USH2A	0.0	0.0	0.0
AL356108.1	0.0	0.0	0.0
HHIPL2	0.0	0.0	0.0
CAPN8	0.0	0.0	0.0
ENAH	0.0	0.0	0.0
WNT9A	0.0	0.0	0.0
PCNX2	0.0	0.0	0.0
AL391832.4	0.0	0.0	0.0
LYST	0.0	0.0	0.0
AL359921.2	0.0	0.0	0.0
AL359921.1	0.0	0.0	0.0
CHRM3-AS2	0.0	0.0	0.0
RGS7	0.0	0.0	0.0
AL451007.3	0.0	0.0	0.0
ISG15	0.0	0.0	0.0
LINC01342	0.0	0.0	0.0
TTLL10	0.0	0.0	0.0
SCNN1D	0.0	0.0	0.0
FO704657.1	0.0	0.0	0.0
PLCH2	0.0	0.0	0.0
PRDM16	0.0	0.0	0.0
ARHGEF16	0.0	0.0	0.0
TP73	0.0	0.0	0.0
AJAP1	0.0	0.0	0.0
AL031848.2	0.0	0.0	0.0
SLC45A1	0.0	0.0	0.0
RBP7	0.0	0.0	0.0
PGD	0.0	0.0	0.0
AL139423.1	0.0	0.0	0.0
AL031731.1	0.0	0.0	0.0
TNFRSF1B	0.0	0.0	0.0
EFHD2	0.0	0.0	0.0
PADI4	0.0	0.0	0.0
HTR6	0.0	0.0	0.0
OTUD3	0.0	0.0	0.0
CDA	0.0	0.0	0.0
C1QA	0.0	0.0	0.0
C1QC	0.0	0.0	0.0
C1QB	0.0	0.0	0.0
AL109936.6	0.0	0.0	0.0
RCAN3	0.0	0.0	0.0
AL445648.1	0.0	0.0	0.0
LDLRAP1	0.0	0.0	0.0
AL034380.1	0.0	0.0	0.0
SYTL1	0.0	0.0	0.0
FO393419.2	0.0	0.0	0.0
FAM167B	0.0	0.0	0.0
LCK	0.0	0.0	0.0
ZSCAN20	0.0	0.0	0.0
DNALI1	0.0	0.0	0.0
BMP8A	0.0	0.0	0.0
AL033527.3	0.0	0.0	0.0
TMCO2	0.0	0.0	0.0
TIE1	0.0	0.0	0.0
ARMH1	0.0	0.0	0.0
BTBD19	0.0	0.0	0.0
AL358075.2	0.0	0.0	0.0
LINC00853	0.0	0.0	0.0
AL050343.2	0.0	0.0	0.0
ZFYVE9	0.0	0.0	0.0
ZYG11A	0.0	0.0	0.0
PODN	0.0	0.0	0.0
LEXM	0.0	0.0	0.0
AL035411.3	0.0	0.0	0.0
ROR1	0.0	0.0	0.0
CACHD1	0.0	0.0	0.0
LRRC7	0.0	0.0	0.0
AL354872.2	0.0	0.0	0.0
AC104458.1	0.0	0.0	0.0
AK5	0.0	0.0	0.0
GIPC2	0.0	0.0	0.0
IFI44L	0.0	0.0	0.0
IFI44	0.0	0.0	0.0
LINC01781	0.0	0.0	0.0
AL035706.1	0.0	0.0	0.0
AC099063.4	0.0	0.0	0.0
ZNF326	0.0	0.0	0.0
EPHX4	0.0	0.0	0.0
RPAP2	0.0	0.0	0.0
RPL5	0.0	0.0	0.0
AC105942.1	0.0	0.0	0.0
AL445928.2	0.0	0.0	0.0
CELSR2	0.0	0.0	0.0
CYB561D1	0.0	0.0	0.0
GSTM1	0.0	0.0	0.0
OLFML3	0.0	0.0	0.0
CD2	0.0	0.0	0.0
TENT5C	0.0	0.0	0.0
AC245014.3	0.0	0.0	0.0
CD160	0.0	0.0	0.0
LINC01719	0.0	0.0	0.0
AC239803.1	0.0	0.0	0.0
LINC02804	0.0	0.0	0.0
FCGR1A	0.0	0.0	0.0
CIART	0.0	0.0	0.0
FALEC	0.0	0.0	0.0
AL590133.1	0.0	0.0	0.0
TUFT1	0.0	0.0	0.0
S100A9	0.0	0.0	0.0
RPS27	0.0	0.0	0.0
AQP10	0.0	0.0	0.0
ATP8B2	0.0	0.0	0.0
EFNA1	0.0	0.0	0.0
TRIM46	0.0	0.0	0.0
RXFP4	0.0	0.0	0.0
AL139130.1	0.0	0.0	0.0
TTC24	0.0	0.0	0.0
BCAN	0.0	0.0	0.0
CD1C	0.0	0.0	0.0
MNDA	0.0	0.0	0.0
PYHIN1	0.0	0.0	0.0
FCER1A	0.0	0.0	0.0
FCRL6	0.0	0.0	0.0
AL590560.3	0.0	0.0	0.0
SLAMF7	0.0	0.0	0.0
NUF2	0.0	0.0	0.0
AL158837.1	0.0	0.0	0.0
AL359962.3	0.0	0.0	0.0
XCL1	0.0	0.0	0.0
C1orf112	0.0	0.0	0.0
FMO1	0.0	0.0	0.0
DNM3	0.0	0.0	0.0
FASLG	0.0	0.0	0.0
ZBTB37	0.0	0.0	0.0
C1orf220	0.0	0.0	0.0
AL137796.1	0.0	0.0	0.0
RALGPS2	0.0	0.0	0.0
FAM163A	0.0	0.0	0.0
KIAA1614	0.0	0.0	0.0
C1orf21	0.0	0.0	0.0
AL133383.1	0.0	0.0	0.0
RGS18	0.0	0.0	0.0
RGS1	0.0	0.0	0.0
RGS2	0.0	0.0	0.0
AL138778.1	0.0	0.0	0.0
AL358473.1	0.0	0.0	0.0
LGR6	0.0	0.0	0.0
PCAT6	0.0	0.0	0.0
ATP2B4	0.0	0.0	0.0
LAX1	0.0	0.0	0.0
SOX13	0.0	0.0	0.0
AL512306.3	0.0	0.0	0.0
AC119673.1	0.0	0.0	0.0
AC244034.2	0.0	0.0	0.0
C4BPB	0.0	0.0	0.0
CR1	0.0	0.0	0.0
G0S2	0.0	0.0	0.0
CENPF	0.0	0.0	0.0
C1orf143	0.0	0.0	0.0
FAM177B	0.0	0.0	0.0
AC138393.3	0.0	0.0	0.0
PRSS38	0.0	0.0	0.0
OBSCN	0.0	0.0	0.0
AL117350.1	0.0	0.0	0.0
KCNK1	0.0	0.0	0.0
TBCE	0.0	0.0	0.0
RYR2	0.0	0.0	0.0
AL365184.1	0.0	0.0	0.0
GCSAML	0.0	0.0	0.0
TRIM58	0.0	0.0	0.0
OR2G6	0.0	0.0	0.0
AC098483.1	0.0	0.0	0.0
AL672291.1	0.0	0.0	0.0
ADARB2	0.0	0.0	0.0
AC022535.1	0.0	0.0	0.0
AL732437.2	0.0	0.0	0.0
IL2RA	0.0	0.0	0.0
LINC00710	0.0	0.0	0.0
PROSER2-AS1	0.0	0.0	0.0
CCDC3	0.0	0.0	0.0
C1QL3	0.0	0.0	0.0
CUBN	0.0	0.0	0.0
ST8SIA6	0.0	0.0	0.0
SKIDA1	0.0	0.0	0.0
ENKUR	0.0	0.0	0.0
AL365203.2	0.0	0.0	0.0
ITGB1	0.0	0.0	0.0
PARD3	0.0	0.0	0.0
ZNF488	0.0	0.0	0.0
ANXA8	0.0	0.0	0.0
AL589794.2	0.0	0.0	0.0
LNCAROD	0.0	0.0	0.0
SLC16A9	0.0	0.0	0.0
RTKN2	0.0	0.0	0.0
NEUROG3	0.0	0.0	0.0
NPFFR1	0.0	0.0	0.0
PRF1	0.0	0.0	0.0
PSAP	0.0	0.0	0.0
SPOCK2	0.0	0.0	0.0
AC022540.1	0.0	0.0	0.0
ZNF503	0.0	0.0	0.0
DLG5	0.0	0.0	0.0
SFTPD	0.0	0.0	0.0
AL844892.1	0.0	0.0	0.0
ANKRD22	0.0	0.0	0.0
AL157400.3	0.0	0.0	0.0
AL139124.1	0.0	0.0	0.0
AL157834.2	0.0	0.0	0.0
PDLIM1	0.0	0.0	0.0
LINC00866	0.0	0.0	0.0
HPSE2	0.0	0.0	0.0
AL157786.1	0.0	0.0	0.0
AL139120.1	0.0	0.0	0.0
CCDC186	0.0	0.0	0.0
ABLIM1	0.0	0.0	0.0
AL731557.1	0.0	0.0	0.0
WDR11-AS1	0.0	0.0	0.0
FAM53B	0.0	0.0	0.0
MKI67	0.0	0.0	0.0
AL451164.1	0.0	0.0	0.0
AL450322.1	0.0	0.0	0.0
AKR1C3	0.0	0.0	0.0
NET1	0.0	0.0	0.0
AL137186.1	0.0	0.0	0.0
PRKCQ-AS1	0.0	0.0	0.0
LINC02648	0.0	0.0	0.0
LINC00707	0.0	0.0	0.0
GATA3	0.0	0.0	0.0
SEC61A2	0.0	0.0	0.0
OPTN	0.0	0.0	0.0
AL157392.4	0.0	0.0	0.0
ST8SIA6-AS1	0.0	0.0	0.0
PLXDC2	0.0	0.0	0.0
AL512598.1	0.0	0.0	0.0
AL160291.1	0.0	0.0	0.0
BAMBI	0.0	0.0	0.0
AL391839.1	0.0	0.0	0.0
CCDC7	0.0	0.0	0.0
AL591684.1	0.0	0.0	0.0
AGAP6	0.0	0.0	0.0
AC069547.2	0.0	0.0	0.0
PRKG1	0.0	0.0	0.0
MTRNR2L5	0.0	0.0	0.0
AC026391.1	0.0	0.0	0.0
AL592430.1	0.0	0.0	0.0
ARID5B	0.0	0.0	0.0
TET1	0.0	0.0	0.0
AL513534.2	0.0	0.0	0.0
SRGN	0.0	0.0	0.0
HKDC1	0.0	0.0	0.0
COL13A1	0.0	0.0	0.0
ADAMTS14	0.0	0.0	0.0
DDIT4	0.0	0.0	0.0
KAT6B	0.0	0.0	0.0
AL132656.2	0.0	0.0	0.0
PLAC9	0.0	0.0	0.0
LDB3	0.0	0.0	0.0
ADIRF	0.0	0.0	0.0
IFIT2	0.0	0.0	0.0
IFIT3	0.0	0.0	0.0
IFIT1	0.0	0.0	0.0
PDE6C	0.0	0.0	0.0
SLC35G1	0.0	0.0	0.0
PLCE1	0.0	0.0	0.0
DNTT	0.0	0.0	0.0
GOLGA7B	0.0	0.0	0.0
CNNM1	0.0	0.0	0.0
NKX2-3	0.0	0.0	0.0
PAX2	0.0	0.0	0.0
RPARP-AS1	0.0	0.0	0.0
RBM20	0.0	0.0	0.0
AL158163.2	0.0	0.0	0.0
AL158163.1	0.0	0.0	0.0
TCF7L2	0.0	0.0	0.0
ATRNL1	0.0	0.0	0.0
SLC18A2	0.0	0.0	0.0
AC022395.1	0.0	0.0	0.0
AL731566.3	0.0	0.0	0.0
PLEKHA1	0.0	0.0	0.0
HMX2	0.0	0.0	0.0
FANK1	0.0	0.0	0.0
AL158166.1	0.0	0.0	0.0
PRAP1	0.0	0.0	0.0
IFITM3	0.0	0.0	0.0
ANO9	0.0	0.0	0.0
IRF7	0.0	0.0	0.0
SCT	0.0	0.0	0.0
KRTAP5-2	0.0	0.0	0.0
CTSD	0.0	0.0	0.0
ASCL2	0.0	0.0	0.0
CDKN1C	0.0	0.0	0.0
HBB	0.0	0.0	0.0
HBG1	0.0	0.0	0.0
HBG2	0.0	0.0	0.0
HPX	0.0	0.0	0.0
AC107884.1	0.0	0.0	0.0
DKK3	0.0	0.0	0.0
TPH1	0.0	0.0	0.0
NAV2-AS3	0.0	0.0	0.0
LINC00678	0.0	0.0	0.0
BDNF	0.0	0.0	0.0
PAX6	0.0	0.0	0.0
LMO2	0.0	0.0	0.0
AC090469.1	0.0	0.0	0.0
SLC1A2	0.0	0.0	0.0
LRRC4C	0.0	0.0	0.0
AC087521.2	0.0	0.0	0.0
SPI1	0.0	0.0	0.0
AGBL2	0.0	0.0	0.0
PRG2	0.0	0.0	0.0
AP003557.2	0.0	0.0	0.0
AP003557.1	0.0	0.0	0.0
MPEG1	0.0	0.0	0.0
MS4A6A	0.0	0.0	0.0
CYB561A3	0.0	0.0	0.0
FTH1	0.0	0.0	0.0
PLAAT5	0.0	0.0	0.0
TMEM262	0.0	0.0	0.0
LINC02736	0.0	0.0	0.0
AP000759.1	0.0	0.0	0.0
ZDHHC24	0.0	0.0	0.0
AC004923.4	0.0	0.0	0.0
ZNF705E	0.0	0.0	0.0
PHOX2A	0.0	0.0	0.0
AP003717.1	0.0	0.0	0.0
UCP3	0.0	0.0	0.0
WNT11	0.0	0.0	0.0
LRRC32	0.0	0.0	0.0
RSF1-IT1	0.0	0.0	0.0
SYTL2	0.0	0.0	0.0
GPR83	0.0	0.0	0.0
SESN3	0.0	0.0	0.0
MAML2	0.0	0.0	0.0
MMP7	0.0	0.0	0.0
MMP8	0.0	0.0	0.0
PDGFD	0.0	0.0	0.0
CWF19L2	0.0	0.0	0.0
NPAT	0.0	0.0	0.0
POU2AF1	0.0	0.0	0.0
AP000880.1	0.0	0.0	0.0
TMPRSS5	0.0	0.0	0.0
APOA1	0.0	0.0	0.0
DSCAML1	0.0	0.0	0.0
JAML	0.0	0.0	0.0
CD3D	0.0	0.0	0.0
BCL9L	0.0	0.0	0.0
AP003392.5	0.0	0.0	0.0
THY1	0.0	0.0	0.0
AP002762.2	0.0	0.0	0.0
FEZ1	0.0	0.0	0.0
ETS1	0.0	0.0	0.0
C11orf45	0.0	0.0	0.0
IGSF9B	0.0	0.0	0.0
AP000911.1	0.0	0.0	0.0
B3GAT1	0.0	0.0	0.0
PGGHG	0.0	0.0	0.0
IFITM1	0.0	0.0	0.0
PKP3	0.0	0.0	0.0
AC131934.1	0.0	0.0	0.0
AP006621.3	0.0	0.0	0.0
PANO1	0.0	0.0	0.0
CD151	0.0	0.0	0.0
TOLLIP-AS1	0.0	0.0	0.0
BRSK2	0.0	0.0	0.0
TNNT3	0.0	0.0	0.0
TSPAN32	0.0	0.0	0.0
CARS-AS1	0.0	0.0	0.0
AC090587.2	0.0	0.0	0.0
LINC02749	0.0	0.0	0.0
OR52I1	0.0	0.0	0.0
OR51M1	0.0	0.0	0.0
SWAP70	0.0	0.0	0.0
AC011092.3	0.0	0.0	0.0
ZBED5-AS1	0.0	0.0	0.0
AC021269.3	0.0	0.0	0.0
SPON1	0.0	0.0	0.0
PDE3B	0.0	0.0	0.0
NUCB2	0.0	0.0	0.0
BDNF-AS	0.0	0.0	0.0
AC113192.3	0.0	0.0	0.0
AL133330.2	0.0	0.0	0.0
ACCSL	0.0	0.0	0.0
MAPK8IP1	0.0	0.0	0.0
AC024475.1	0.0	0.0	0.0
AC127035.1	0.0	0.0	0.0
FAM180B	0.0	0.0	0.0
FAM111B	0.0	0.0	0.0
MS4A3	0.0	0.0	0.0
MS4A2	0.0	0.0	0.0
MS4A7	0.0	0.0	0.0
MS4A1	0.0	0.0	0.0
CD6	0.0	0.0	0.0
PPP1R32	0.0	0.0	0.0
AP000753.1	0.0	0.0	0.0
VEGFB	0.0	0.0	0.0
SPDYC	0.0	0.0	0.0
NEAT1	0.0	0.0	0.0
MALAT1	0.0	0.0	0.0
CTSW	0.0	0.0	0.0
TSGA10IP	0.0	0.0	0.0
ACTN3	0.0	0.0	0.0
TBC1D10C	0.0	0.0	0.0
LRP5	0.0	0.0	0.0
MYEOV	0.0	0.0	0.0
CCND1	0.0	0.0	0.0
CTTN	0.0	0.0	0.0
DEFB108B	0.0	0.0	0.0
LRTOMT	0.0	0.0	0.0
LINC01537	0.0	0.0	0.0
ARAP1-AS1	0.0	0.0	0.0
AP002993.1	0.0	0.0	0.0
TPBGL	0.0	0.0	0.0
AP001972.2	0.0	0.0	0.0
SERPINH1	0.0	0.0	0.0
AP001189.1	0.0	0.0	0.0
LINC02734	0.0	0.0	0.0
PRSS23	0.0	0.0	0.0
KDM4E	0.0	0.0	0.0
CEP126	0.0	0.0	0.0
BIRC3	0.0	0.0	0.0
NCAM1	0.0	0.0	0.0
ZBTB16	0.0	0.0	0.0
AP000462.3	0.0	0.0	0.0
CD3E	0.0	0.0	0.0
CD3G	0.0	0.0	0.0
PHLDB1	0.0	0.0	0.0
CXCR5	0.0	0.0	0.0
UPK2	0.0	0.0	0.0
NRGN	0.0	0.0	0.0
TMEM45B	0.0	0.0	0.0
APLP2	0.0	0.0	0.0
ZBTB44-DT	0.0	0.0	0.0
NTM	0.0	0.0	0.0
LINC02731	0.0	0.0	0.0
JAM3	0.0	0.0	0.0
AP001775.2	0.0	0.0	0.0
RAD52	0.0	0.0	0.0
CACNA1C-AS1	0.0	0.0	0.0
TEX52	0.0	0.0	0.0
ACRBP	0.0	0.0	0.0
PIANP	0.0	0.0	0.0
AC018653.3	0.0	0.0	0.0
AC018653.4	0.0	0.0	0.0
CLEC4C	0.0	0.0	0.0
SLC2A3	0.0	0.0	0.0
CLEC4E	0.0	0.0	0.0
AC092746.1	0.0	0.0	0.0
AICDA	0.0	0.0	0.0
KLRB1	0.0	0.0	0.0
AC010186.1	0.0	0.0	0.0
CD69	0.0	0.0	0.0
CLEC1B	0.0	0.0	0.0
CLEC7A	0.0	0.0	0.0
KLRK1	0.0	0.0	0.0
KLRC4	0.0	0.0	0.0
KLRC3	0.0	0.0	0.0
KLRC2	0.0	0.0	0.0
KLRC1	0.0	0.0	0.0
YBX3	0.0	0.0	0.0
LRP6	0.0	0.0	0.0
PLBD1	0.0	0.0	0.0
GUCY2C	0.0	0.0	0.0
LDHB	0.0	0.0	0.0
KCNJ8	0.0	0.0	0.0
ST8SIA1	0.0	0.0	0.0
AC087318.1	0.0	0.0	0.0
SOX5	0.0	0.0	0.0
AC023510.2	0.0	0.0	0.0
AC087257.1	0.0	0.0	0.0
AC009511.2	0.0	0.0	0.0
H3F3C	0.0	0.0	0.0
KIF21A	0.0	0.0	0.0
PUS7L	0.0	0.0	0.0
NELL2	0.0	0.0	0.0
AC079950.1	0.0	0.0	0.0
SLC38A1	0.0	0.0	0.0
AC025031.1	0.0	0.0	0.0
PCED1B-AS1	0.0	0.0	0.0
RAPGEF3	0.0	0.0	0.0
AC004801.6	0.0	0.0	0.0
AC024257.5	0.0	0.0	0.0
FKBP11	0.0	0.0	0.0
WNT10B	0.0	0.0	0.0
LMBR1L	0.0	0.0	0.0
KRT81	0.0	0.0	0.0
KRT5	0.0	0.0	0.0
KRT74	0.0	0.0	0.0
KRT1	0.0	0.0	0.0
ITGB7	0.0	0.0	0.0
SP7	0.0	0.0	0.0
CBX5	0.0	0.0	0.0
TESPA1	0.0	0.0	0.0
AC034102.6	0.0	0.0	0.0
AC073896.4	0.0	0.0	0.0
STAT2	0.0	0.0	0.0
IFNG	0.0	0.0	0.0
AC020656.1	0.0	0.0	0.0
PTPRB	0.0	0.0	0.0
PTPRR	0.0	0.0	0.0
AC089984.1	0.0	0.0	0.0
PHLDA1	0.0	0.0	0.0
CEP290	0.0	0.0	0.0
DUSP6	0.0	0.0	0.0
CLLU1OS	0.0	0.0	0.0
SOCS2-AS1	0.0	0.0	0.0
AC073655.3	0.0	0.0	0.0
AC073655.1	0.0	0.0	0.0
AC073655.2	0.0	0.0	0.0
USP44	0.0	0.0	0.0
NTN4	0.0	0.0	0.0
CCDC38	0.0	0.0	0.0
LTA4H	0.0	0.0	0.0
GNPTAB	0.0	0.0	0.0
PMCH	0.0	0.0	0.0
IGF1	0.0	0.0	0.0
PAH	0.0	0.0	0.0
NT5DC3	0.0	0.0	0.0
AC011313.1	0.0	0.0	0.0
NUAK1	0.0	0.0	0.0
AC004551.1	0.0	0.0	0.0
HRK	0.0	0.0	0.0
LINC01089	0.0	0.0	0.0
AC069503.4	0.0	0.0	0.0
PITPNM2	0.0	0.0	0.0
RILPL1	0.0	0.0	0.0
LINC00944	0.0	0.0	0.0
AC079949.1	0.0	0.0	0.0
AC137590.1	0.0	0.0	0.0
AC148476.1	0.0	0.0	0.0
IQSEC3	0.0	0.0	0.0
AC006207.1	0.0	0.0	0.0
CCND2	0.0	0.0	0.0
GALNT8	0.0	0.0	0.0
CD9	0.0	0.0	0.0
CD27	0.0	0.0	0.0
AC006064.1	0.0	0.0	0.0
AC006064.2	0.0	0.0	0.0
PTMS	0.0	0.0	0.0
LAG3	0.0	0.0	0.0
ENO2	0.0	0.0	0.0
C12orf57	0.0	0.0	0.0
C1RL-AS1	0.0	0.0	0.0
ZNF705A	0.0	0.0	0.0
AC092745.1	0.0	0.0	0.0
KLRG1	0.0	0.0	0.0
A2M-AS1	0.0	0.0	0.0
LINC00987	0.0	0.0	0.0
AC092821.3	0.0	0.0	0.0
CLEC2D	0.0	0.0	0.0
KLRF1	0.0	0.0	0.0
CLEC9A	0.0	0.0	0.0
KLRD1	0.0	0.0	0.0
LINC02446	0.0	0.0	0.0
AC244131.2	0.0	0.0	0.0
SPX	0.0	0.0	0.0
AC092794.1	0.0	0.0	0.0
AC055720.1	0.0	0.0	0.0
AC024896.1	0.0	0.0	0.0
MED21	0.0	0.0	0.0
ETFBKMT	0.0	0.0	0.0
AC121334.4	0.0	0.0	0.0
C12orf40	0.0	0.0	0.0
LRRK2	0.0	0.0	0.0
PCED1B	0.0	0.0	0.0
AC004466.1	0.0	0.0	0.0
SCN8A	0.0	0.0	0.0
KRT86	0.0	0.0	0.0
TNS2	0.0	0.0	0.0
SOAT2	0.0	0.0	0.0
DGKA	0.0	0.0	0.0
RPS26	0.0	0.0	0.0
AC026120.3	0.0	0.0	0.0
LRP1	0.0	0.0	0.0
KIF5A	0.0	0.0	0.0
DTX3	0.0	0.0	0.0
SRGAP1	0.0	0.0	0.0
MSRB3	0.0	0.0	0.0
IRAK3	0.0	0.0	0.0
HELB	0.0	0.0	0.0
DYRK2	0.0	0.0	0.0
IFNG-AS1	0.0	0.0	0.0
LYZ	0.0	0.0	0.0
GLIPR1L2	0.0	0.0	0.0
NAV3	0.0	0.0	0.0
AC010201.3	0.0	0.0	0.0
AC123512.1	0.0	0.0	0.0
CLLU1	0.0	0.0	0.0
LINC02397	0.0	0.0	0.0
C12orf74	0.0	0.0	0.0
AC138123.2	0.0	0.0	0.0
CRADD	0.0	0.0	0.0
ALDH2	0.0	0.0	0.0
AC073575.1	0.0	0.0	0.0
AC004217.1	0.0	0.0	0.0
DTX1	0.0	0.0	0.0
CFAP73	0.0	0.0	0.0
BICDL1	0.0	0.0	0.0
BCL7A	0.0	0.0	0.0
LRRC43	0.0	0.0	0.0
B3GNT4	0.0	0.0	0.0
HIP1R	0.0	0.0	0.0
AC073912.1	0.0	0.0	0.0
AC127070.1	0.0	0.0	0.0
AC026786.2	0.0	0.0	0.0
LINC00384	0.0	0.0	0.0
ZAR1L	0.0	0.0	0.0
MRPS31	0.0	0.0	0.0
LINC01050	0.0	0.0	0.0
TSC22D1	0.0	0.0	0.0
KCTD4	0.0	0.0	0.0
LCP1	0.0	0.0	0.0
DLEU7	0.0	0.0	0.0
TMEM272	0.0	0.0	0.0
PCDH20	0.0	0.0	0.0
PCDH9	0.0	0.0	0.0
KLF12	0.0	0.0	0.0
AL355390.1	0.0	0.0	0.0
LMO7-AS1	0.0	0.0	0.0
KCTD12	0.0	0.0	0.0
SPRY2	0.0	0.0	0.0
DCT	0.0	0.0	0.0
DZIP1	0.0	0.0	0.0
DOCK9	0.0	0.0	0.0
GPR183	0.0	0.0	0.0
CCDC168	0.0	0.0	0.0
IRS2	0.0	0.0	0.0
LINC00346	0.0	0.0	0.0
LINC00565	0.0	0.0	0.0
PSPC1-AS2	0.0	0.0	0.0
AL136962.1	0.0	0.0	0.0
LINC00543	0.0	0.0	0.0
ALOX5AP	0.0	0.0	0.0
LINC00545	0.0	0.0	0.0
NBEA	0.0	0.0	0.0
COG6	0.0	0.0	0.0
WBP4	0.0	0.0	0.0
NAA16	0.0	0.0	0.0
RGCC	0.0	0.0	0.0
NRAD1	0.0	0.0	0.0
MED4-AS1	0.0	0.0	0.0
OLFM4	0.0	0.0	0.0
PCDH9-AS4	0.0	0.0	0.0
LINC00402	0.0	0.0	0.0
LINC00377	0.0	0.0	0.0
SLITRK5	0.0	0.0	0.0
GPC5	0.0	0.0	0.0
GPC6	0.0	0.0	0.0
AL137246.1	0.0	0.0	0.0
TNFSF13B	0.0	0.0	0.0
MCF2L	0.0	0.0	0.0
F7	0.0	0.0	0.0
OR10G2	0.0	0.0	0.0
SLC7A7	0.0	0.0	0.0
PPP1R3E	0.0	0.0	0.0
GZMH	0.0	0.0	0.0
GZMB	0.0	0.0	0.0
NOVA1	0.0	0.0	0.0
AL163973.2	0.0	0.0	0.0
AL161665.1	0.0	0.0	0.0
AL136298.1	0.0	0.0	0.0
EGLN3	0.0	0.0	0.0
AL162311.3	0.0	0.0	0.0
AL049828.2	0.0	0.0	0.0
NID2	0.0	0.0	0.0
AL133444.1	0.0	0.0	0.0
AL355073.1	0.0	0.0	0.0
AL161756.1	0.0	0.0	0.0
AL122035.1	0.0	0.0	0.0
RAB15	0.0	0.0	0.0
AL139022.2	0.0	0.0	0.0
AL135978.2	0.0	0.0	0.0
AL133313.1	0.0	0.0	0.0
AL359317.2	0.0	0.0	0.0
AC004817.3	0.0	0.0	0.0
AC006146.1	0.0	0.0	0.0
LTBP2	0.0	0.0	0.0
TGFB3	0.0	0.0	0.0
AL137230.1	0.0	0.0	0.0
GPR68	0.0	0.0	0.0
TC2N	0.0	0.0	0.0
FBLN5	0.0	0.0	0.0
SERPINA1	0.0	0.0	0.0
TCL1A	0.0	0.0	0.0
LINC02312	0.0	0.0	0.0
AL132796.2	0.0	0.0	0.0
BCL11B	0.0	0.0	0.0
AL157912.1	0.0	0.0	0.0
DEGS2	0.0	0.0	0.0
AL157871.6	0.0	0.0	0.0
WARS	0.0	0.0	0.0
ANKRD9	0.0	0.0	0.0
CKB	0.0	0.0	0.0
LINC02280	0.0	0.0	0.0
AL512356.4	0.0	0.0	0.0
AL928654.1	0.0	0.0	0.0
IGHA2	0.0	0.0	0.0
IGHE	0.0	0.0	0.0
IGHG4	0.0	0.0	0.0
IGHG2	0.0	0.0	0.0
IGHGP	0.0	0.0	0.0
IGHA1	0.0	0.0	0.0
IGHG1	0.0	0.0	0.0
IGHG3	0.0	0.0	0.0
IGHD	0.0	0.0	0.0
IGHM	0.0	0.0	0.0
IGHJ6	0.0	0.0	0.0
IGHJ5	0.0	0.0	0.0
IGHJ4	0.0	0.0	0.0
IGHD4-11	0.0	0.0	0.0
IGHVIII-2-1	0.0	0.0	0.0
IGHV3-7	0.0	0.0	0.0
IGHV3-13	0.0	0.0	0.0
IGHV3-15	0.0	0.0	0.0
IGHV1-18	0.0	0.0	0.0
IGHV3-21	0.0	0.0	0.0
IGHVII-22-1	0.0	0.0	0.0
IGHV3-23	0.0	0.0	0.0
IGHV1-24	0.0	0.0	0.0
IGHV4-28	0.0	0.0	0.0
IGHV3-30	0.0	0.0	0.0
IGHV4-34	0.0	0.0	0.0
IGHV4-39	0.0	0.0	0.0
IGHV1-46	0.0	0.0	0.0
IGHV3-53	0.0	0.0	0.0
IGHV1-69	0.0	0.0	0.0
IGHV1-69D	0.0	0.0	0.0
IGHV3-73	0.0	0.0	0.0
IGHV3-74	0.0	0.0	0.0
EDDM3A	0.0	0.0	0.0
RNASE6	0.0	0.0	0.0
RNASE2	0.0	0.0	0.0
TRAV1-1	0.0	0.0	0.0
TRAV1-2	0.0	0.0	0.0
TRAV2	0.0	0.0	0.0
TRAV4	0.0	0.0	0.0
TRAV5	0.0	0.0	0.0
TRAV6	0.0	0.0	0.0
TRAV10	0.0	0.0	0.0
TRAV12-1	0.0	0.0	0.0
TRAV8-2	0.0	0.0	0.0
TRAV12-2	0.0	0.0	0.0
TRAV8-4	0.0	0.0	0.0
TRAV13-2	0.0	0.0	0.0
TRAV14DV4	0.0	0.0	0.0
TRAV12-3	0.0	0.0	0.0
TRAV17	0.0	0.0	0.0
TRAV20	0.0	0.0	0.0
TRAV22	0.0	0.0	0.0
TRAV23DV6	0.0	0.0	0.0
TRDV1	0.0	0.0	0.0
TRAV24	0.0	0.0	0.0
TRAV25	0.0	0.0	0.0
TRAV27	0.0	0.0	0.0
TRAV30	0.0	0.0	0.0
TRAV34	0.0	0.0	0.0
TRAV36DV7	0.0	0.0	0.0
TRAV38-2DV8	0.0	0.0	0.0
TRAV39	0.0	0.0	0.0
TRAV41	0.0	0.0	0.0
TRDV2	0.0	0.0	0.0
TRDJ1	0.0	0.0	0.0
TRDC	0.0	0.0	0.0
TRAJ61	0.0	0.0	0.0
TRAJ58	0.0	0.0	0.0
TRAJ54	0.0	0.0	0.0
TRAJ51	0.0	0.0	0.0
TRAJ49	0.0	0.0	0.0
TRAJ48	0.0	0.0	0.0
TRAJ47	0.0	0.0	0.0
TRAJ45	0.0	0.0	0.0
TRAJ39	0.0	0.0	0.0
TRAJ37	0.0	0.0	0.0
TRAJ35	0.0	0.0	0.0
TRAJ32	0.0	0.0	0.0
TRAJ30	0.0	0.0	0.0
TRAJ26	0.0	0.0	0.0
TRAJ24	0.0	0.0	0.0
TRAJ21	0.0	0.0	0.0
TRAJ19	0.0	0.0	0.0
TRAJ13	0.0	0.0	0.0
TRAJ12	0.0	0.0	0.0
TRAJ9	0.0	0.0	0.0
TRAJ6	0.0	0.0	0.0
TRAC	0.0	0.0	0.0
AL132780.1	0.0	0.0	0.0
RNF212B	0.0	0.0	0.0
CMTM5	0.0	0.0	0.0
CARMIL3	0.0	0.0	0.0
NFATC4	0.0	0.0	0.0
AKAP6	0.0	0.0	0.0
INSM2	0.0	0.0	0.0
MIPOL1	0.0	0.0	0.0
AL162632.3	0.0	0.0	0.0
AL162632.1	0.0	0.0	0.0
PTGDR	0.0	0.0	0.0
PTGER2	0.0	0.0	0.0
AL139317.3	0.0	0.0	0.0
AL352979.2	0.0	0.0	0.0
LGALS3	0.0	0.0	0.0
DACT1	0.0	0.0	0.0
PRKCH	0.0	0.0	0.0
AL355916.1	0.0	0.0	0.0
SYNE2	0.0	0.0	0.0
PLEKHD1	0.0	0.0	0.0
AC004816.2	0.0	0.0	0.0
RGS6	0.0	0.0	0.0
AC005225.3	0.0	0.0	0.0
AL691403.2	0.0	0.0	0.0
FOS	0.0	0.0	0.0
AF111169.4	0.0	0.0	0.0
AL133279.1	0.0	0.0	0.0
AL122020.2	0.0	0.0	0.0
AL135818.1	0.0	0.0	0.0
IFI27	0.0	0.0	0.0
TCL6	0.0	0.0	0.0
TCL1B	0.0	0.0	0.0
AL139020.1	0.0	0.0	0.0
TUNAR	0.0	0.0	0.0
EXOC3L4	0.0	0.0	0.0
TNFAIP2	0.0	0.0	0.0
AL583722.2	0.0	0.0	0.0
CEP170B	0.0	0.0	0.0
CLBA1	0.0	0.0	0.0
CRIP2	0.0	0.0	0.0
CRIP1	0.0	0.0	0.0
AC246787.2	0.0	0.0	0.0
FAM30A	0.0	0.0	0.0
LINC00226	0.0	0.0	0.0
OCA2	0.0	0.0	0.0
AC127522.1	0.0	0.0	0.0
GOLGA8R	0.0	0.0	0.0
AC123768.3	0.0	0.0	0.0
AC010809.3	0.0	0.0	0.0
GOLGA8A	0.0	0.0	0.0
GOLGA8B	0.0	0.0	0.0
AC021231.1	0.0	0.0	0.0
MEIS2	0.0	0.0	0.0
RASGRP1	0.0	0.0	0.0
AC022929.2	0.0	0.0	0.0
C15orf56	0.0	0.0	0.0
AC013356.3	0.0	0.0	0.0
SPTBN5	0.0	0.0	0.0
ELL3	0.0	0.0	0.0
AC051619.6	0.0	0.0	0.0
MYEF2	0.0	0.0	0.0
HDC	0.0	0.0	0.0
AC022087.1	0.0	0.0	0.0
AC021752.1	0.0	0.0	0.0
DMXL2	0.0	0.0	0.0
AC020892.1	0.0	0.0	0.0
AC090518.1	0.0	0.0	0.0
ANXA2	0.0	0.0	0.0
RORA	0.0	0.0	0.0
DAPK2	0.0	0.0	0.0
PCLAF	0.0	0.0	0.0
RBPMS2	0.0	0.0	0.0
AC013553.4	0.0	0.0	0.0
IGDCC4	0.0	0.0	0.0
AC011939.2	0.0	0.0	0.0
ITGA11	0.0	0.0	0.0
AC027237.2	0.0	0.0	0.0
SCAPER	0.0	0.0	0.0
TSPAN3	0.0	0.0	0.0
ACSBG1	0.0	0.0	0.0
AC027228.2	0.0	0.0	0.0
RASGRF1	0.0	0.0	0.0
BCL2A1	0.0	0.0	0.0
AC027808.2	0.0	0.0	0.0
GOLGA6L10	0.0	0.0	0.0
AC105339.6	0.0	0.0	0.0
FSD2	0.0	0.0	0.0
AC021739.4	0.0	0.0	0.0
KLHL25	0.0	0.0	0.0
AC068831.1	0.0	0.0	0.0
FAM174B	0.0	0.0	0.0
AC015660.1	0.0	0.0	0.0
AC027020.2	0.0	0.0	0.0
PCSK6	0.0	0.0	0.0
SNHG14	0.0	0.0	0.0
APBA2	0.0	0.0	0.0
AC114546.1	0.0	0.0	0.0
AC116158.1	0.0	0.0	0.0
AC116158.2	0.0	0.0	0.0
LINC02694	0.0	0.0	0.0
C15orf54	0.0	0.0	0.0
THBS1	0.0	0.0	0.0
AC023908.3	0.0	0.0	0.0
AC091045.1	0.0	0.0	0.0
STARD9	0.0	0.0	0.0
AC090510.3	0.0	0.0	0.0
MAP1A	0.0	0.0	0.0
WDR76	0.0	0.0	0.0
AC013452.2	0.0	0.0	0.0
AC023906.3	0.0	0.0	0.0
LINC00926	0.0	0.0	0.0
LIPC	0.0	0.0	0.0
AC009560.3	0.0	0.0	0.0
AC073167.1	0.0	0.0	0.0
SNX22	0.0	0.0	0.0
AC100830.2	0.0	0.0	0.0
AC100830.1	0.0	0.0	0.0
SKOR1	0.0	0.0	0.0
AC090826.2	0.0	0.0	0.0
CPLX3	0.0	0.0	0.0
AC090607.1	0.0	0.0	0.0
CFAP161	0.0	0.0	0.0
GOLGA6L9	0.0	0.0	0.0
SH3GL3	0.0	0.0	0.0
ALPK3	0.0	0.0	0.0
LUNAR1	0.0	0.0	0.0
SYNM	0.0	0.0	0.0
AC090825.1	0.0	0.0	0.0
RHBDF1	0.0	0.0	0.0
Z69706.1	0.0	0.0	0.0
AL031717.1	0.0	0.0	0.0
AC093525.3	0.0	0.0	0.0
AC004232.1	0.0	0.0	0.0
GLIS2-AS1	0.0	0.0	0.0
GRIN2A	0.0	0.0	0.0
AC133065.1	0.0	0.0	0.0
AC007014.1	0.0	0.0	0.0
AC099489.1	0.0	0.0	0.0
CPPED1	0.0	0.0	0.0
MYH11	0.0	0.0	0.0
NOMO2	0.0	0.0	0.0
KNOP1	0.0	0.0	0.0
IGSF6	0.0	0.0	0.0
AC092375.2	0.0	0.0	0.0
PDZD9	0.0	0.0	0.0
AC092338.3	0.0	0.0	0.0
LCMT1-AS2	0.0	0.0	0.0
LINC02195	0.0	0.0	0.0
AC138904.1	0.0	0.0	0.0
SEZ6L2	0.0	0.0	0.0
KCTD13	0.0	0.0	0.0
SEPTIN1	0.0	0.0	0.0
PYDC1	0.0	0.0	0.0
AC026471.3	0.0	0.0	0.0
AC007496.1	0.0	0.0	0.0
AC007347.1	0.0	0.0	0.0
AC009102.2	0.0	0.0	0.0
AC009090.2	0.0	0.0	0.0
KIFC3	0.0	0.0	0.0
KCTD19	0.0	0.0	0.0
SMPD3	0.0	0.0	0.0
PHLPP2	0.0	0.0	0.0
AC009075.1	0.0	0.0	0.0
AC138627.1	0.0	0.0	0.0
TMEM231	0.0	0.0	0.0
DUXB	0.0	0.0	0.0
WWOX-AS1	0.0	0.0	0.0
AC106743.1	0.0	0.0	0.0
MAF	0.0	0.0	0.0
AC009148.1	0.0	0.0	0.0
SDR42E1	0.0	0.0	0.0
AC092142.1	0.0	0.0	0.0
SLC38A8	0.0	0.0	0.0
ATP2C2-AS1	0.0	0.0	0.0
COTL1	0.0	0.0	0.0
AC092127.2	0.0	0.0	0.0
AC009108.3	0.0	0.0	0.0
AC126696.3	0.0	0.0	0.0
Z69666.1	0.0	0.0	0.0
HBA2	0.0	0.0	0.0
HBA1	0.0	0.0	0.0
HBQ1	0.0	0.0	0.0
FAM234A	0.0	0.0	0.0
WDR90	0.0	0.0	0.0
METRN	0.0	0.0	0.0
AL023882.1	0.0	0.0	0.0
AL031716.1	0.0	0.0	0.0
TPSAB1	0.0	0.0	0.0
AL032819.3	0.0	0.0	0.0
AL031705.1	0.0	0.0	0.0
TMEM204	0.0	0.0	0.0
SNHG9	0.0	0.0	0.0
TEDC2	0.0	0.0	0.0
IL32	0.0	0.0	0.0
AC108134.4	0.0	0.0	0.0
AC004494.1	0.0	0.0	0.0
DNASE1	0.0	0.0	0.0
SMIM22	0.0	0.0	0.0
AC022167.3	0.0	0.0	0.0
TNFRSF17	0.0	0.0	0.0
NPIPA1	0.0	0.0	0.0
AC005632.6	0.0	0.0	0.0
AC092338.1	0.0	0.0	0.0
ATP2A1	0.0	0.0	0.0
CD19	0.0	0.0	0.0
LAT	0.0	0.0	0.0
AC009133.3	0.0	0.0	0.0
AC120114.1	0.0	0.0	0.0
AC012645.2	0.0	0.0	0.0
AC012645.4	0.0	0.0	0.0
ITGAM	0.0	0.0	0.0
ITGAD	0.0	0.0	0.0
AC026471.5	0.0	0.0	0.0
TGFB1I1	0.0	0.0	0.0
IGHV1OR16-1	0.0	0.0	0.0
AC007494.2	0.0	0.0	0.0
AC023813.1	0.0	0.0	0.0
LINC02180	0.0	0.0	0.0
AC007342.4	0.0	0.0	0.0
AC007342.5	0.0	0.0	0.0
AC007342.1	0.0	0.0	0.0
MT2A	0.0	0.0	0.0
AC009090.6	0.0	0.0	0.0
ADGRG1	0.0	0.0	0.0
ADGRG3	0.0	0.0	0.0
MMP15	0.0	0.0	0.0
CMTM2	0.0	0.0	0.0
PDP2	0.0	0.0	0.0
TSNAXIP1	0.0	0.0	0.0
AC126773.6	0.0	0.0	0.0
DYNLRB2	0.0	0.0	0.0
ADAD2	0.0	0.0	0.0
AC092145.1	0.0	0.0	0.0
AC018695.9	0.0	0.0	0.0
IRF8	0.0	0.0	0.0
AC092723.5	0.0	0.0	0.0
JPH3	0.0	0.0	0.0
AC126696.2	0.0	0.0	0.0
AC137932.2	0.0	0.0	0.0
CPNE7	0.0	0.0	0.0
ZNF276	0.0	0.0	0.0
MC1R	0.0	0.0	0.0
FAM157C	0.0	0.0	0.0
AC006435.3	0.0	0.0	0.0
OR3A2	0.0	0.0	0.0
ATP2A3	0.0	0.0	0.0
VMO1	0.0	0.0	0.0
DHX33	0.0	0.0	0.0
KIAA0753	0.0	0.0	0.0
CLEC10A	0.0	0.0	0.0
HES7	0.0	0.0	0.0
AURKB	0.0	0.0	0.0
AC005277.2	0.0	0.0	0.0
CDRT15	0.0	0.0	0.0
CDRT1	0.0	0.0	0.0
AC098850.1	0.0	0.0	0.0
AC104024.4	0.0	0.0	0.0
RASD1	0.0	0.0	0.0
AC087164.1	0.0	0.0	0.0
FOXO3B	0.0	0.0	0.0
LGALS9B	0.0	0.0	0.0
AC010761.2	0.0	0.0	0.0
AC010761.4	0.0	0.0	0.0
SEZ6	0.0	0.0	0.0
SLC6A4	0.0	0.0	0.0
AC011840.2	0.0	0.0	0.0
OMG	0.0	0.0	0.0
MYO1D	0.0	0.0	0.0
SLFN13	0.0	0.0	0.0
SLFN12L	0.0	0.0	0.0
SLFN14	0.0	0.0	0.0
GAS2L2	0.0	0.0	0.0
MMP28	0.0	0.0	0.0
AC015849.2	0.0	0.0	0.0
CCL5	0.0	0.0	0.0
CCL3	0.0	0.0	0.0
CCL3L1	0.0	0.0	0.0
AC243654.1	0.0	0.0	0.0
HNF1B	0.0	0.0	0.0
AC006449.2	0.0	0.0	0.0
AC006441.3	0.0	0.0	0.0
IKZF3	0.0	0.0	0.0
GSDMB	0.0	0.0	0.0
CCR7	0.0	0.0	0.0
KRTAP4-12	0.0	0.0	0.0
KRTAP4-6	0.0	0.0	0.0
HAP1	0.0	0.0	0.0
P3H4	0.0	0.0	0.0
CCR10	0.0	0.0	0.0
LINC00671	0.0	0.0	0.0
PTGES3L	0.0	0.0	0.0
AC060780.1	0.0	0.0	0.0
MEOX1	0.0	0.0	0.0
ITGA2B	0.0	0.0	0.0
AC008105.1	0.0	0.0	0.0
RPRML	0.0	0.0	0.0
AC002558.3	0.0	0.0	0.0
AC018521.7	0.0	0.0	0.0
SKAP1	0.0	0.0	0.0
AC103702.2	0.0	0.0	0.0
SAMD14	0.0	0.0	0.0
AC015909.2	0.0	0.0	0.0
LINC02071	0.0	0.0	0.0
MMD	0.0	0.0	0.0
C17orf67	0.0	0.0	0.0
AC007114.2	0.0	0.0	0.0
AC015813.3	0.0	0.0	0.0
TSPOAP1	0.0	0.0	0.0
RNF43	0.0	0.0	0.0
HSF5	0.0	0.0	0.0
CD79B	0.0	0.0	0.0
SCN4A	0.0	0.0	0.0
LRRC37A3	0.0	0.0	0.0
LINC00469	0.0	0.0	0.0
CD300E	0.0	0.0	0.0
AC016888.1	0.0	0.0	0.0
QRICH2	0.0	0.0	0.0
MXRA7	0.0	0.0	0.0
AC016168.2	0.0	0.0	0.0
LINC01973	0.0	0.0	0.0
SOCS3	0.0	0.0	0.0
DNAH17	0.0	0.0	0.0
TBC1D16	0.0	0.0	0.0
NPTX1	0.0	0.0	0.0
AC110285.1	0.0	0.0	0.0
CD7	0.0	0.0	0.0
SECTM1	0.0	0.0	0.0
ZNF750	0.0	0.0	0.0
AC087392.1	0.0	0.0	0.0
TRARG1	0.0	0.0	0.0
SERPINF1	0.0	0.0	0.0
DPH1	0.0	0.0	0.0
TM4SF5	0.0	0.0	0.0
GP1BA	0.0	0.0	0.0
ALOX12	0.0	0.0	0.0
ACAP1	0.0	0.0	0.0
TMEM95	0.0	0.0	0.0
NLGN2	0.0	0.0	0.0
CD68	0.0	0.0	0.0
DNAH2	0.0	0.0	0.0
CHD3	0.0	0.0	0.0
NT5M	0.0	0.0	0.0
AC020558.1	0.0	0.0	0.0
AC127537.1	0.0	0.0	0.0
EPN2	0.0	0.0	0.0
DHRS7B	0.0	0.0	0.0
AC087294.1	0.0	0.0	0.0
KCNJ12	0.0	0.0	0.0
AC005697.2	0.0	0.0	0.0
RPL23A	0.0	0.0	0.0
ANKRD13B	0.0	0.0	0.0
AC005899.5	0.0	0.0	0.0
AC005899.1	0.0	0.0	0.0
AC079336.4	0.0	0.0	0.0
AC084809.1	0.0	0.0	0.0
CCL2	0.0	0.0	0.0
CCL7	0.0	0.0	0.0
CCL8	0.0	0.0	0.0
FNDC8	0.0	0.0	0.0
AC015849.1	0.0	0.0	0.0
AC243829.4	0.0	0.0	0.0
CCL4	0.0	0.0	0.0
AC243829.2	0.0	0.0	0.0
CCL4L2	0.0	0.0	0.0
AC243830.2	0.0	0.0	0.0
AC243830.3	0.0	0.0	0.0
MLLT6	0.0	0.0	0.0
ZPBP2	0.0	0.0	0.0
GSDMA	0.0	0.0	0.0
IGFBP4	0.0	0.0	0.0
TMEM99	0.0	0.0	0.0
AC100793.2	0.0	0.0	0.0
CNTNAP1	0.0	0.0	0.0
RND2	0.0	0.0	0.0
ASB16	0.0	0.0	0.0
GRN	0.0	0.0	0.0
MEIOC	0.0	0.0	0.0
CR936218.1	0.0	0.0	0.0
LRRC37A	0.0	0.0	0.0
MYL4	0.0	0.0	0.0
ITGB3	0.0	0.0	0.0
TBKBP1	0.0	0.0	0.0
TBX21	0.0	0.0	0.0
SKAP1-AS1	0.0	0.0	0.0
HOXB-AS1	0.0	0.0	0.0
ABI3	0.0	0.0	0.0
TOM1L1	0.0	0.0	0.0
STXBP4	0.0	0.0	0.0
NOG	0.0	0.0	0.0
MSI2	0.0	0.0	0.0
OR4D2	0.0	0.0	0.0
EPX	0.0	0.0	0.0
PPM1E	0.0	0.0	0.0
VMP1	0.0	0.0	0.0
AC080038.2	0.0	0.0	0.0
RGS9	0.0	0.0	0.0
AC007448.5	0.0	0.0	0.0
AC005332.5	0.0	0.0	0.0
AC005332.2	0.0	0.0	0.0
AC007780.1	0.0	0.0	0.0
AC124804.1	0.0	0.0	0.0
KIF19	0.0	0.0	0.0
OTOP2	0.0	0.0	0.0
CDR2L	0.0	0.0	0.0
SMIM5	0.0	0.0	0.0
AC087289.5	0.0	0.0	0.0
CDK3	0.0	0.0	0.0
AANAT	0.0	0.0	0.0
AC015802.1	0.0	0.0	0.0
LINC02080	0.0	0.0	0.0
LINC00868	0.0	0.0	0.0
TNRC6C	0.0	0.0	0.0
TMC8	0.0	0.0	0.0
BIRC5	0.0	0.0	0.0
AC022966.2	0.0	0.0	0.0
AC100788.1	0.0	0.0	0.0
LINC02078	0.0	0.0	0.0
CARD14	0.0	0.0	0.0
AC132872.2	0.0	0.0	0.0
AC130371.2	0.0	0.0	0.0
YES1	0.0	0.0	0.0
AP005900.1	0.0	0.0	0.0
AP005899.1	0.0	0.0	0.0
AP001033.1	0.0	0.0	0.0
AC006238.2	0.0	0.0	0.0
CHMP1B-AS1	0.0	0.0	0.0
AP005482.1	0.0	0.0	0.0
AP005131.5	0.0	0.0	0.0
AP005131.3	0.0	0.0	0.0
AC027449.1	0.0	0.0	0.0
TTC39C-AS1	0.0	0.0	0.0
AC015961.1	0.0	0.0	0.0
AC087683.3	0.0	0.0	0.0
AC120049.1	0.0	0.0	0.0
LOXHD1	0.0	0.0	0.0
AC093567.1	0.0	0.0	0.0
CFAP53	0.0	0.0	0.0
AC098848.1	0.0	0.0	0.0
TCF4	0.0	0.0	0.0
BCL2	0.0	0.0	0.0
AC009802.1	0.0	0.0	0.0
DSEL	0.0	0.0	0.0
GTSCR1	0.0	0.0	0.0
AC125437.3	0.0	0.0	0.0
AC104423.1	0.0	0.0	0.0
AC018445.1	0.0	0.0	0.0
TYMS	0.0	0.0	0.0
AP001178.2	0.0	0.0	0.0
DLGAP1-AS1	0.0	0.0	0.0
DLGAP1-AS2	0.0	0.0	0.0
AP002478.1	0.0	0.0	0.0
DLGAP1-AS3	0.0	0.0	0.0
RAB31	0.0	0.0	0.0
GATA6	0.0	0.0	0.0
TTC39C	0.0	0.0	0.0
AC025887.2	0.0	0.0	0.0
AC012123.1	0.0	0.0	0.0
AC011815.2	0.0	0.0	0.0
KIAA1328	0.0	0.0	0.0
AC011139.1	0.0	0.0	0.0
RNF165	0.0	0.0	0.0
AC120349.1	0.0	0.0	0.0
RAB27B	0.0	0.0	0.0
CDH20	0.0	0.0	0.0
AC110597.3	0.0	0.0	0.0
DOK6	0.0	0.0	0.0
AC091138.1	0.0	0.0	0.0
AC018413.1	0.0	0.0	0.0
AC018529.1	0.0	0.0	0.0
AC124254.2	0.0	0.0	0.0
AC018445.6	0.0	0.0	0.0
PLPP2	0.0	0.0	0.0
PRSS57	0.0	0.0	0.0
ABHD17A	0.0	0.0	0.0
GNG7	0.0	0.0	0.0
TLE2	0.0	0.0	0.0
KF456478.1	0.0	0.0	0.0
MATK	0.0	0.0	0.0
AC011498.3	0.0	0.0	0.0
AC011491.3	0.0	0.0	0.0
AC008760.1	0.0	0.0	0.0
PCP2	0.0	0.0	0.0
FCER2	0.0	0.0	0.0
ADAMTS10	0.0	0.0	0.0
ZNF560	0.0	0.0	0.0
AC011511.2	0.0	0.0	0.0
S1PR5	0.0	0.0	0.0
AP1M2	0.0	0.0	0.0
ILF3-DT	0.0	0.0	0.0
AC011442.1	0.0	0.0	0.0
AC024575.1	0.0	0.0	0.0
ELAVL3	0.0	0.0	0.0
ZNF878	0.0	0.0	0.0
AC020916.1	0.0	0.0	0.0
RASAL3	0.0	0.0	0.0
AC020911.3	0.0	0.0	0.0
AC020917.3	0.0	0.0	0.0
AC020908.3	0.0	0.0	0.0
AC010618.2	0.0	0.0	0.0
UNC13A	0.0	0.0	0.0
PDE4C	0.0	0.0	0.0
LRRC25	0.0	0.0	0.0
TSSK6	0.0	0.0	0.0
PBX4	0.0	0.0	0.0
AC011447.3	0.0	0.0	0.0
ZNF737	0.0	0.0	0.0
ZNF708	0.0	0.0	0.0
AC123912.4	0.0	0.0	0.0
AC139769.2	0.0	0.0	0.0
AC020905.1	0.0	0.0	0.0
AC005307.1	0.0	0.0	0.0
ZNF30-AS1	0.0	0.0	0.0
FAM187B	0.0	0.0	0.0
DMKN	0.0	0.0	0.0
AD000671.3	0.0	0.0	0.0
TYROBP	0.0	0.0	0.0
ZNF573	0.0	0.0	0.0
AC011465.1	0.0	0.0	0.0
PPP1R14A	0.0	0.0	0.0
CAPN12	0.0	0.0	0.0
C19orf47	0.0	0.0	0.0
HIPK4	0.0	0.0	0.0
BLVRB	0.0	0.0	0.0
POU2F2	0.0	0.0	0.0
AC006213.2	0.0	0.0	0.0
AC007193.1	0.0	0.0	0.0
GNG8	0.0	0.0	0.0
SLC8A2	0.0	0.0	0.0
ZNF541	0.0	0.0	0.0
SULT2A1	0.0	0.0	0.0
CABP5	0.0	0.0	0.0
FAM83E	0.0	0.0	0.0
MAMSTR	0.0	0.0	0.0
TEAD2	0.0	0.0	0.0
NOSIP	0.0	0.0	0.0
KLK14	0.0	0.0	0.0
NKG7	0.0	0.0	0.0
LIM2	0.0	0.0	0.0
FPR1	0.0	0.0	0.0
ZNF665	0.0	0.0	0.0
AC245052.4	0.0	0.0	0.0
LILRB3	0.0	0.0	0.0
LILRA5	0.0	0.0	0.0
LILRA4	0.0	0.0	0.0
LENG9	0.0	0.0	0.0
AC020922.3	0.0	0.0	0.0
AC005261.2	0.0	0.0	0.0
ZSCAN18	0.0	0.0	0.0
MADCAM1	0.0	0.0	0.0
GZMM	0.0	0.0	0.0
CFD	0.0	0.0	0.0
AC027307.1	0.0	0.0	0.0
TMPRSS9	0.0	0.0	0.0
CELF5	0.0	0.0	0.0
AC005786.3	0.0	0.0	0.0
GIPC3	0.0	0.0	0.0
ATCAY	0.0	0.0	0.0
FSD1	0.0	0.0	0.0
NRTN	0.0	0.0	0.0
AC011471.2	0.0	0.0	0.0
AC010503.4	0.0	0.0	0.0
RETN	0.0	0.0	0.0
TGFBR3L	0.0	0.0	0.0
MBD3L1	0.0	0.0	0.0
AC011451.1	0.0	0.0	0.0
ZNF561-AS1	0.0	0.0	0.0
AC008752.1	0.0	0.0	0.0
P2RY11	0.0	0.0	0.0
SLC44A2	0.0	0.0	0.0
CNN1	0.0	0.0	0.0
AC008770.3	0.0	0.0	0.0
AC018761.2	0.0	0.0	0.0
AC022098.4	0.0	0.0	0.0
AC011509.3	0.0	0.0	0.0
CYP4F3	0.0	0.0	0.0
AC020917.2	0.0	0.0	0.0
AC008764.6	0.0	0.0	0.0
F2RL3	0.0	0.0	0.0
NIBAN3	0.0	0.0	0.0
IFI30	0.0	0.0	0.0
AC005759.1	0.0	0.0	0.0
YJEFN3	0.0	0.0	0.0
ZNF101	0.0	0.0	0.0
ZNF257	0.0	0.0	0.0
AC011503.4	0.0	0.0	0.0
AC007786.1	0.0	0.0	0.0
AC007786.2	0.0	0.0	0.0
PLEKHF1	0.0	0.0	0.0
WDR88	0.0	0.0	0.0
CHST8	0.0	0.0	0.0
SCN1B	0.0	0.0	0.0
CD22	0.0	0.0	0.0
U62631.1	0.0	0.0	0.0
LINC01531	0.0	0.0	0.0
PROSER3	0.0	0.0	0.0
APLP1	0.0	0.0	0.0
AC092295.1	0.0	0.0	0.0
ZNF382	0.0	0.0	0.0
AC074138.1	0.0	0.0	0.0
ZNF567	0.0	0.0	0.0
ZNF540	0.0	0.0	0.0
AC093227.3	0.0	0.0	0.0
C19orf33	0.0	0.0	0.0
CATSPERG	0.0	0.0	0.0
AC022144.1	0.0	0.0	0.0
IFNL1	0.0	0.0	0.0
LGALS14	0.0	0.0	0.0
AC243960.3	0.0	0.0	0.0
LINC01480	0.0	0.0	0.0
CD79A	0.0	0.0	0.0
L34079.2	0.0	0.0	0.0
SRRM5	0.0	0.0	0.0
ZNF284	0.0	0.0	0.0
APOC1	0.0	0.0	0.0
FOSB	0.0	0.0	0.0
PPM1N	0.0	0.0	0.0
C5AR1	0.0	0.0	0.0
FTL	0.0	0.0	0.0
AC010524.1	0.0	0.0	0.0
FLT3LG	0.0	0.0	0.0
ADM5	0.0	0.0	0.0
SPIB	0.0	0.0	0.0
KLK2	0.0	0.0	0.0
AC008750.7	0.0	0.0	0.0
ZNF649-AS1	0.0	0.0	0.0
ZNF528	0.0	0.0	0.0
VN1R2	0.0	0.0	0.0
AC008753.2	0.0	0.0	0.0
LAIR2	0.0	0.0	0.0
KIR2DL3	0.0	0.0	0.0
KIR2DL1	0.0	0.0	0.0
KIR3DL1	0.0	0.0	0.0
KIR3DL2	0.0	0.0	0.0
NCR1	0.0	0.0	0.0
NLRP4	0.0	0.0	0.0
EDDM13	0.0	0.0	0.0
ZFP28	0.0	0.0	0.0
ZSCAN4	0.0	0.0	0.0
ZNF135	0.0	0.0	0.0
RPS5	0.0	0.0	0.0
AC012313.8	0.0	0.0	0.0
FAM110C	0.0	0.0	0.0
ALKAL2	0.0	0.0	0.0
MYT1L	0.0	0.0	0.0
RNF144A-AS1	0.0	0.0	0.0
AC007463.1	0.0	0.0	0.0
ODC1	0.0	0.0	0.0
SMC6	0.0	0.0	0.0
AC009411.1	0.0	0.0	0.0
AGBL5-AS1	0.0	0.0	0.0
UCN	0.0	0.0	0.0
CDC42EP3	0.0	0.0	0.0
LINC00211	0.0	0.0	0.0
AC074366.1	0.0	0.0	0.0
SLC8A1	0.0	0.0	0.0
KCNG3	0.0	0.0	0.0
LINC02590	0.0	0.0	0.0
AC019129.2	0.0	0.0	0.0
CCDC88A	0.0	0.0	0.0
LGALSL-DT	0.0	0.0	0.0
LINC01800	0.0	0.0	0.0
LINC01829	0.0	0.0	0.0
CNRIP1	0.0	0.0	0.0
AC114802.1	0.0	0.0	0.0
AAK1	0.0	0.0	0.0
ADD2	0.0	0.0	0.0
AC073046.3	0.0	0.0	0.0
TRABD2A	0.0	0.0	0.0
CAPG	0.0	0.0	0.0
CD8A	0.0	0.0	0.0
CD8B	0.0	0.0	0.0
AC133644.2	0.0	0.0	0.0
AC062029.1	0.0	0.0	0.0
IGKC	0.0	0.0	0.0
IGKJ5	0.0	0.0	0.0
IGKJ1	0.0	0.0	0.0
IGKV1-5	0.0	0.0	0.0
IGKV1-6	0.0	0.0	0.0
IGKV1-8	0.0	0.0	0.0
IGKV1-9	0.0	0.0	0.0
IGKV3-11	0.0	0.0	0.0
IGKV3-15	0.0	0.0	0.0
IGKV1-17	0.0	0.0	0.0
IGKV2-18	0.0	0.0	0.0
IGKV2-19	0.0	0.0	0.0
IGKV3-20	0.0	0.0	0.0
IGKV2-24	0.0	0.0	0.0
IGKV1-27	0.0	0.0	0.0
AC103563.2	0.0	0.0	0.0
DUSP2	0.0	0.0	0.0
ANKRD23	0.0	0.0	0.0
ANKRD39	0.0	0.0	0.0
SEMA4C	0.0	0.0	0.0
MGAT4A	0.0	0.0	0.0
AFF3	0.0	0.0	0.0
LONRF2	0.0	0.0	0.0
AC012360.3	0.0	0.0	0.0
FHL2	0.0	0.0	0.0
AC010978.1	0.0	0.0	0.0
AC093675.2	0.0	0.0	0.0
RGPD8	0.0	0.0	0.0
IL1B	0.0	0.0	0.0
TFCP2L1	0.0	0.0	0.0
BIN1	0.0	0.0	0.0
LYPD1	0.0	0.0	0.0
CXCR4	0.0	0.0	0.0
AC092620.2	0.0	0.0	0.0
AC092652.1	0.0	0.0	0.0
AC092652.2	0.0	0.0	0.0
RBM43	0.0	0.0	0.0
NEB	0.0	0.0	0.0
AC012443.2	0.0	0.0	0.0
ACVR1C	0.0	0.0	0.0
BAZ2B	0.0	0.0	0.0
CD302	0.0	0.0	0.0
SLC38A11	0.0	0.0	0.0
SCN3A	0.0	0.0	0.0
SCN9A	0.0	0.0	0.0
GPR155	0.0	0.0	0.0
TTN	0.0	0.0	0.0
CCDC141	0.0	0.0	0.0
AC020595.1	0.0	0.0	0.0
NCKAP1	0.0	0.0	0.0
LINC01473	0.0	0.0	0.0
TFPI	0.0	0.0	0.0
COL5A2	0.0	0.0	0.0
SLC40A1	0.0	0.0	0.0
HIBCH	0.0	0.0	0.0
AC093388.1	0.0	0.0	0.0
STAT4	0.0	0.0	0.0
CAVIN2	0.0	0.0	0.0
C2CD6	0.0	0.0	0.0
AC079354.3	0.0	0.0	0.0
AC079354.2	0.0	0.0	0.0
MDH1B	0.0	0.0	0.0
IKZF2	0.0	0.0	0.0
DIRC3	0.0	0.0	0.0
CXCR1	0.0	0.0	0.0
AC068946.3	0.0	0.0	0.0
PTPRN	0.0	0.0	0.0
SERPINE2	0.0	0.0	0.0
IRS1	0.0	0.0	0.0
GPR55	0.0	0.0	0.0
AC017104.6	0.0	0.0	0.0
NMUR1	0.0	0.0	0.0
AC019130.1	0.0	0.0	0.0
TIGD1	0.0	0.0	0.0
AC064852.1	0.0	0.0	0.0
LINC01891	0.0	0.0	0.0
ARL4C	0.0	0.0	0.0
IQCA1	0.0	0.0	0.0
COL6A3	0.0	0.0	0.0
AC112721.1	0.0	0.0	0.0
AC112721.2	0.0	0.0	0.0
AC012076.1	0.0	0.0	0.0
LINC02610	0.0	0.0	0.0
HES6	0.0	0.0	0.0
PASK	0.0	0.0	0.0
BOK-AS1	0.0	0.0	0.0
AC114730.2	0.0	0.0	0.0
PDCD1	0.0	0.0	0.0
AC079779.1	0.0	0.0	0.0
AC079779.2	0.0	0.0	0.0
TPO	0.0	0.0	0.0
AC231981.1	0.0	0.0	0.0
COLEC11	0.0	0.0	0.0
RSAD2	0.0	0.0	0.0
AC013460.1	0.0	0.0	0.0
AC092580.4	0.0	0.0	0.0
LINC01871	0.0	0.0	0.0
U91324.1	0.0	0.0	0.0
ID2	0.0	0.0	0.0
GRHL1	0.0	0.0	0.0
RN7SL832P	0.0	0.0	0.0
C2orf50	0.0	0.0	0.0
TRIB2	0.0	0.0	0.0
AC130814.1	0.0	0.0	0.0
RHOB	0.0	0.0	0.0
TDRD15	0.0	0.0	0.0
KLHL29	0.0	0.0	0.0
AC009228.1	0.0	0.0	0.0
EFR3B	0.0	0.0	0.0
GAREM2	0.0	0.0	0.0
DNAJC5G	0.0	0.0	0.0
TRIM54	0.0	0.0	0.0
KRTCAP3	0.0	0.0	0.0
TOGARAM2	0.0	0.0	0.0
LBH	0.0	0.0	0.0
LINC00486	0.0	0.0	0.0
LTBP1	0.0	0.0	0.0
VIT	0.0	0.0	0.0
GPATCH11	0.0	0.0	0.0
PLEKHH2	0.0	0.0	0.0
LINC01118	0.0	0.0	0.0
SPTBN1	0.0	0.0	0.0
AC007381.2	0.0	0.0	0.0
AC107081.2	0.0	0.0	0.0
LGALSL	0.0	0.0	0.0
MEIS1	0.0	0.0	0.0
PLEK	0.0	0.0	0.0
AC016700.3	0.0	0.0	0.0
ANKRD53	0.0	0.0	0.0
EMX1	0.0	0.0	0.0
AC010913.1	0.0	0.0	0.0
AC007681.1	0.0	0.0	0.0
AC005034.6	0.0	0.0	0.0
DNAH6	0.0	0.0	0.0
AC022210.2	0.0	0.0	0.0
VAMP5	0.0	0.0	0.0
GNLY	0.0	0.0	0.0
IGKV4-1	0.0	0.0	0.0
IGKV1D-16	0.0	0.0	0.0
IGKV1D-43	0.0	0.0	0.0
MAL	0.0	0.0	0.0
ANKRD36	0.0	0.0	0.0
ZAP70	0.0	0.0	0.0
IL18RAP	0.0	0.0	0.0
GPR45	0.0	0.0	0.0
AC012360.1	0.0	0.0	0.0
NCK2	0.0	0.0	0.0
ECRG4	0.0	0.0	0.0
ZC3H6	0.0	0.0	0.0
AC012442.1	0.0	0.0	0.0
AC016745.2	0.0	0.0	0.0
LINC01191	0.0	0.0	0.0
PTPN4	0.0	0.0	0.0
AC079776.5	0.0	0.0	0.0
TNFAIP6	0.0	0.0	0.0
UPP2	0.0	0.0	0.0
TBR1	0.0	0.0	0.0
SLC4A10	0.0	0.0	0.0
AC019197.1	0.0	0.0	0.0
TTC21B-AS1	0.0	0.0	0.0
MYO3B	0.0	0.0	0.0
ITGA6	0.0	0.0	0.0
PDK1	0.0	0.0	0.0
AC010894.3	0.0	0.0	0.0
LINC01934	0.0	0.0	0.0
AC021851.1	0.0	0.0	0.0
FSIP2	0.0	0.0	0.0
C2orf88	0.0	0.0	0.0
AC067945.3	0.0	0.0	0.0
AC067945.4	0.0	0.0	0.0
AC013264.1	0.0	0.0	0.0
AC020550.2	0.0	0.0	0.0
AC011997.1	0.0	0.0	0.0
CD28	0.0	0.0	0.0
CTLA4	0.0	0.0	0.0
PARD3B	0.0	0.0	0.0
ZDBF2	0.0	0.0	0.0
AC008269.1	0.0	0.0	0.0
LINC01857	0.0	0.0	0.0
MAP2	0.0	0.0	0.0
AC007038.1	0.0	0.0	0.0
VWC2L	0.0	0.0	0.0
SNHG31	0.0	0.0	0.0
AC073284.1	0.0	0.0	0.0
GPBAR1	0.0	0.0	0.0
SLC11A1	0.0	0.0	0.0
VIL1	0.0	0.0	0.0
AC009974.1	0.0	0.0	0.0
TMEM198	0.0	0.0	0.0
SP140	0.0	0.0	0.0
ITM2C	0.0	0.0	0.0
AC017104.3	0.0	0.0	0.0
AC073476.3	0.0	0.0	0.0
TRPM8	0.0	0.0	0.0
AC122134.1	0.0	0.0	0.0
AGAP1	0.0	0.0	0.0
AC104667.1	0.0	0.0	0.0
RAMP1	0.0	0.0	0.0
ERFE	0.0	0.0	0.0
AC012485.3	0.0	0.0	0.0
AC124862.1	0.0	0.0	0.0
ANO7	0.0	0.0	0.0
BOK	0.0	0.0	0.0
RTP5	0.0	0.0	0.0
LINC01238	0.0	0.0	0.0
AVP	0.0	0.0	0.0
AL031670.1	0.0	0.0	0.0
ESF1	0.0	0.0	0.0
AL079338.1	0.0	0.0	0.0
BFSP1	0.0	0.0	0.0
DZANK1	0.0	0.0	0.0
LINC00237	0.0	0.0	0.0
CD93	0.0	0.0	0.0
AL096677.1	0.0	0.0	0.0
APMAP	0.0	0.0	0.0
AL078587.1	0.0	0.0	0.0
AL035071.2	0.0	0.0	0.0
ITCH-AS1	0.0	0.0	0.0
AL035420.2	0.0	0.0	0.0
AL023803.1	0.0	0.0	0.0
MAFB	0.0	0.0	0.0
Z98752.4	0.0	0.0	0.0
STK4-AS1	0.0	0.0	0.0
WFDC10B	0.0	0.0	0.0
TNNC2	0.0	0.0	0.0
AL162458.1	0.0	0.0	0.0
ZMYND8	0.0	0.0	0.0
KCNB1	0.0	0.0	0.0
KCNG1	0.0	0.0	0.0
NFATC2	0.0	0.0	0.0
ATP9A	0.0	0.0	0.0
ZFP64	0.0	0.0	0.0
AL391097.1	0.0	0.0	0.0
AL109930.1	0.0	0.0	0.0
PMEPA1	0.0	0.0	0.0
CTSZ	0.0	0.0	0.0
SYCP2	0.0	0.0	0.0
AL162457.1	0.0	0.0	0.0
LINC00659	0.0	0.0	0.0
HAR1B	0.0	0.0	0.0
STMN3	0.0	0.0	0.0
SOX18	0.0	0.0	0.0
C20orf202	0.0	0.0	0.0
SNPH	0.0	0.0	0.0
TMC2	0.0	0.0	0.0
GNRH2	0.0	0.0	0.0
CDC25B	0.0	0.0	0.0
LINC01730	0.0	0.0	0.0
SMOX	0.0	0.0	0.0
AL121757.2	0.0	0.0	0.0
SNAP25	0.0	0.0	0.0
ISM1	0.0	0.0	0.0
MACROD2	0.0	0.0	0.0
SLC24A3	0.0	0.0	0.0
CST7	0.0	0.0	0.0
ZNF337-AS1	0.0	0.0	0.0
ABALON	0.0	0.0	0.0
HCK	0.0	0.0	0.0
AL121583.1	0.0	0.0	0.0
AL034550.1	0.0	0.0	0.0
C20orf144	0.0	0.0	0.0
PROCR	0.0	0.0	0.0
MYL9	0.0	0.0	0.0
PLCG1	0.0	0.0	0.0
MYBL2	0.0	0.0	0.0
TOX2	0.0	0.0	0.0
PIGT	0.0	0.0	0.0
CEBPB	0.0	0.0	0.0
SMIM25	0.0	0.0	0.0
LINC01270	0.0	0.0	0.0
TSHZ2	0.0	0.0	0.0
LINC01711	0.0	0.0	0.0
TUBB1	0.0	0.0	0.0
ZNF831	0.0	0.0	0.0
LAMA5-AS1	0.0	0.0	0.0
RPS21	0.0	0.0	0.0
MHENCR	0.0	0.0	0.0
LIME1	0.0	0.0	0.0
AL121845.1	0.0	0.0	0.0
CYYR1	0.0	0.0	0.0
ADAMTS1	0.0	0.0	0.0
AF165147.1	0.0	0.0	0.0
AP000253.1	0.0	0.0	0.0
TTC3-AS1	0.0	0.0	0.0
AP001434.1	0.0	0.0	0.0
ERG	0.0	0.0	0.0
ERVH48-1	0.0	0.0	0.0
SIK1	0.0	0.0	0.0
LINC01547	0.0	0.0	0.0
SLC19A1	0.0	0.0	0.0
AL133492.1	0.0	0.0	0.0
AP001469.3	0.0	0.0	0.0
S100B	0.0	0.0	0.0
AF127577.1	0.0	0.0	0.0
CHODL	0.0	0.0	0.0
MIR155HG	0.0	0.0	0.0
JAM2	0.0	0.0	0.0
AF129075.3	0.0	0.0	0.0
MAP3K7CL	0.0	0.0	0.0
MIS18A-AS1	0.0	0.0	0.0
EVA1C	0.0	0.0	0.0
LINC00310	0.0	0.0	0.0
AP000704.1	0.0	0.0	0.0
AF129408.1	0.0	0.0	0.0
MX2	0.0	0.0	0.0
MX1	0.0	0.0	0.0
AP001046.1	0.0	0.0	0.0
AIRE	0.0	0.0	0.0
AP001062.2	0.0	0.0	0.0
TSPEAR-AS1	0.0	0.0	0.0
LINC01424	0.0	0.0	0.0
PCBP3	0.0	0.0	0.0
COL6A1	0.0	0.0	0.0
COL6A2	0.0	0.0	0.0
AP001469.1	0.0	0.0	0.0
DIP2A	0.0	0.0	0.0
GAB4	0.0	0.0	0.0
AC008079.1	0.0	0.0	0.0
AC004471.2	0.0	0.0	0.0
CLDN5	0.0	0.0	0.0
ARVCF	0.0	0.0	0.0
AC007308.1	0.0	0.0	0.0
YPEL1	0.0	0.0	0.0
IGLL1	0.0	0.0	0.0
VPREB3	0.0	0.0	0.0
DERL3	0.0	0.0	0.0
Z99774.1	0.0	0.0	0.0
TTC28	0.0	0.0	0.0
RFPL1S	0.0	0.0	0.0
RNF215	0.0	0.0	0.0
GAL3ST1	0.0	0.0	0.0
SELENOM	0.0	0.0	0.0
PIK3IP1	0.0	0.0	0.0
C22orf24	0.0	0.0	0.0
SLC5A4	0.0	0.0	0.0
SYN3	0.0	0.0	0.0
TMPRSS6	0.0	0.0	0.0
IL2RB	0.0	0.0	0.0
LGALS2	0.0	0.0	0.0
AL031587.1	0.0	0.0	0.0
SLC16A8	0.0	0.0	0.0
KCNJ4	0.0	0.0	0.0
PDGFB	0.0	0.0	0.0
RPL3	0.0	0.0	0.0
Z83847.1	0.0	0.0	0.0
SHISA8	0.0	0.0	0.0
TNFRSF13C	0.0	0.0	0.0
CYP2D6	0.0	0.0	0.0
CELSR1	0.0	0.0	0.0
C22orf34	0.0	0.0	0.0
AL022328.1	0.0	0.0	0.0
MAPK12	0.0	0.0	0.0
MAPK11	0.0	0.0	0.0
SCO2	0.0	0.0	0.0
TYMP	0.0	0.0	0.0
AC006946.3	0.0	0.0	0.0
AC000068.1	0.0	0.0	0.0
AC000068.2	0.0	0.0	0.0
SEPTIN5	0.0	0.0	0.0
GP1BB	0.0	0.0	0.0
LINC00896	0.0	0.0	0.0
P2RX6	0.0	0.0	0.0
AP000553.9	0.0	0.0	0.0
IGLV4-69	0.0	0.0	0.0
IGLV4-60	0.0	0.0	0.0
VPREB1	0.0	0.0	0.0
IGLV1-51	0.0	0.0	0.0
IGLV1-47	0.0	0.0	0.0
IGLV1-44	0.0	0.0	0.0
IGLV2-23	0.0	0.0	0.0
IGLV3-21	0.0	0.0	0.0
IGLV3-19	0.0	0.0	0.0
IGLV3-16	0.0	0.0	0.0
IGLV2-14	0.0	0.0	0.0
IGLV2-8	0.0	0.0	0.0
IGLC1	0.0	0.0	0.0
IGLC2	0.0	0.0	0.0
IGLC3	0.0	0.0	0.0
IGLC4	0.0	0.0	0.0
IGLC5	0.0	0.0	0.0
IGLC6	0.0	0.0	0.0
IGLC7	0.0	0.0	0.0
GNAZ	0.0	0.0	0.0
RGL4	0.0	0.0	0.0
SUSD2	0.0	0.0	0.0
SGSM1	0.0	0.0	0.0
KIAA1671	0.0	0.0	0.0
MIAT	0.0	0.0	0.0
LINC01422	0.0	0.0	0.0
Z97353.2	0.0	0.0	0.0
CABP7	0.0	0.0	0.0
HORMAD2	0.0	0.0	0.0
CCDC157	0.0	0.0	0.0
AC004832.6	0.0	0.0	0.0
AL008723.2	0.0	0.0	0.0
TIMP3	0.0	0.0	0.0
LARGE-AS1	0.0	0.0	0.0
Z73429.1	0.0	0.0	0.0
HMOX1	0.0	0.0	0.0
Z80897.1	0.0	0.0	0.0
Z82188.2	0.0	0.0	0.0
LGALS1	0.0	0.0	0.0
AL021707.3	0.0	0.0	0.0
AL021707.1	0.0	0.0	0.0
APOBEC3G	0.0	0.0	0.0
TAB1	0.0	0.0	0.0
CACNA1I	0.0	0.0	0.0
GRAP2	0.0	0.0	0.0
FAM83F	0.0	0.0	0.0
MRTFA-AS1	0.0	0.0	0.0
Z93241.1	0.0	0.0	0.0
AL022476.1	0.0	0.0	0.0
PRR5	0.0	0.0	0.0
TTC38	0.0	0.0	0.0
AL671710.1	0.0	0.0	0.0
TMEM40	0.0	0.0	0.0
EAF1-AS1	0.0	0.0	0.0
COLQ	0.0	0.0	0.0
DAZL	0.0	0.0	0.0
AC091493.1	0.0	0.0	0.0
SATB1	0.0	0.0	0.0
AC061958.1	0.0	0.0	0.0
ZNF385D	0.0	0.0	0.0
SLC4A7	0.0	0.0	0.0
EOMES	0.0	0.0	0.0
OSBPL10	0.0	0.0	0.0
AC097639.1	0.0	0.0	0.0
SCN5A	0.0	0.0	0.0
CX3CR1	0.0	0.0	0.0
AC099332.1	0.0	0.0	0.0
SNRK-AS1	0.0	0.0	0.0
TMEM158	0.0	0.0	0.0
XCR1	0.0	0.0	0.0
CCR1	0.0	0.0	0.0
ALS2CL	0.0	0.0	0.0
RBM5-AS1	0.0	0.0	0.0
CACNA2D2	0.0	0.0	0.0
AC096920.1	0.0	0.0	0.0
CISH	0.0	0.0	0.0
AC099050.1	0.0	0.0	0.0
SEMA3G	0.0	0.0	0.0
TKT	0.0	0.0	0.0
CHDH	0.0	0.0	0.0
AC092418.2	0.0	0.0	0.0
DNASE1L3	0.0	0.0	0.0
FAM107A	0.0	0.0	0.0
AC012557.1	0.0	0.0	0.0
PROS1	0.0	0.0	0.0
MTRNR2L12	0.0	0.0	0.0
AC110491.3	0.0	0.0	0.0
AC021660.4	0.0	0.0	0.0
LINC00882	0.0	0.0	0.0
IFT57	0.0	0.0	0.0
RETNLB	0.0	0.0	0.0
AC108693.2	0.0	0.0	0.0
CCDC191	0.0	0.0	0.0
ZNF80	0.0	0.0	0.0
ZBTB20	0.0	0.0	0.0
FSTL1	0.0	0.0	0.0
HGD	0.0	0.0	0.0
GOLGB1	0.0	0.0	0.0
MYLK	0.0	0.0	0.0
ITGB5	0.0	0.0	0.0
GATA2	0.0	0.0	0.0
AC112484.5	0.0	0.0	0.0
H1FX	0.0	0.0	0.0
AC055733.2	0.0	0.0	0.0
AC107027.3	0.0	0.0	0.0
BFSP2-AS1	0.0	0.0	0.0
AC080128.2	0.0	0.0	0.0
TFDP2	0.0	0.0	0.0
PLS1-AS1	0.0	0.0	0.0
CP	0.0	0.0	0.0
GPR171	0.0	0.0	0.0
P2RY13	0.0	0.0	0.0
AC026347.1	0.0	0.0	0.0
AC084036.1	0.0	0.0	0.0
VEPH1	0.0	0.0	0.0
AC080013.4	0.0	0.0	0.0
RARRES1	0.0	0.0	0.0
SPTSSB	0.0	0.0	0.0
AC079822.1	0.0	0.0	0.0
AC008040.1	0.0	0.0	0.0
TNIK	0.0	0.0	0.0
GHSR	0.0	0.0	0.0
TNFSF10	0.0	0.0	0.0
NAALADL2-AS2	0.0	0.0	0.0
ZMAT3	0.0	0.0	0.0
AC090425.2	0.0	0.0	0.0
AC069431.1	0.0	0.0	0.0
LIPH	0.0	0.0	0.0
LINC02028	0.0	0.0	0.0
ZDHHC19	0.0	0.0	0.0
TM4SF19	0.0	0.0	0.0
AC024560.4	0.0	0.0	0.0
CHL1	0.0	0.0	0.0
SETMAR	0.0	0.0	0.0
TTLL3	0.0	0.0	0.0
AC018809.2	0.0	0.0	0.0
AC022001.2	0.0	0.0	0.0
OXNAD1	0.0	0.0	0.0
AC090948.3	0.0	0.0	0.0
AC090644.1	0.0	0.0	0.0
LINC02084	0.0	0.0	0.0
CMC1	0.0	0.0	0.0
LINC01811	0.0	0.0	0.0
CTDSPL	0.0	0.0	0.0
DLEC1	0.0	0.0	0.0
ACVR2B	0.0	0.0	0.0
AC092053.5	0.0	0.0	0.0
RPSA	0.0	0.0	0.0
MOBP	0.0	0.0	0.0
RPL14	0.0	0.0	0.0
ZNF621	0.0	0.0	0.0
AC099560.1	0.0	0.0	0.0
NKTR	0.0	0.0	0.0
CCDC13-AS1	0.0	0.0	0.0
ZNF660	0.0	0.0	0.0
CCR9	0.0	0.0	0.0
CXCR6	0.0	0.0	0.0
AC105935.1	0.0	0.0	0.0
IL17RB	0.0	0.0	0.0
SPATA12	0.0	0.0	0.0
DENND6A-AS1	0.0	0.0	0.0
AC012557.2	0.0	0.0	0.0
AC114401.1	0.0	0.0	0.0
FOXP1-AS1	0.0	0.0	0.0
AC097369.2	0.0	0.0	0.0
GPR15	0.0	0.0	0.0
NFKBIZ	0.0	0.0	0.0
TRAT1	0.0	0.0	0.0
PLCXD2	0.0	0.0	0.0
PHLDB2	0.0	0.0	0.0
CD200	0.0	0.0	0.0
ZDHHC23	0.0	0.0	0.0
AC093010.2	0.0	0.0	0.0
TIGIT	0.0	0.0	0.0
NR1I2	0.0	0.0	0.0
AC092910.3	0.0	0.0	0.0
EAF2	0.0	0.0	0.0
CSTA	0.0	0.0	0.0
PARP15	0.0	0.0	0.0
PARP14	0.0	0.0	0.0
AC112503.1	0.0	0.0	0.0
MYLK-AS1	0.0	0.0	0.0
RUVBL1-AS1	0.0	0.0	0.0
GP9	0.0	0.0	0.0
ACKR4	0.0	0.0	0.0
EPHB1	0.0	0.0	0.0
ESYT3	0.0	0.0	0.0
RASA2-IT1	0.0	0.0	0.0
GRK7	0.0	0.0	0.0
SLC9A9-AS1	0.0	0.0	0.0
CPA3	0.0	0.0	0.0
MME	0.0	0.0	0.0
LEKR1	0.0	0.0	0.0
AC092919.1	0.0	0.0	0.0
AC068759.1	0.0	0.0	0.0
AC007620.3	0.0	0.0	0.0
AHSG	0.0	0.0	0.0
AC072022.1	0.0	0.0	0.0
CCDC50	0.0	0.0	0.0
AC124944.3	0.0	0.0	0.0
MELTF-AS1	0.0	0.0	0.0
AC107464.1	0.0	0.0	0.0
SLC26A1	0.0	0.0	0.0
SPON2	0.0	0.0	0.0
HTT-AS	0.0	0.0	0.0
LYAR	0.0	0.0	0.0
C4orf50	0.0	0.0	0.0
LINC002481	0.0	0.0	0.0
AC097382.3	0.0	0.0	0.0
AC105345.2	0.0	0.0	0.0
CLNK	0.0	0.0	0.0
FGFBP2	0.0	0.0	0.0
LDB2	0.0	0.0	0.0
FAM184B	0.0	0.0	0.0
AC079921.1	0.0	0.0	0.0
RBM47	0.0	0.0	0.0
LINC00682	0.0	0.0	0.0
TXK	0.0	0.0	0.0
OCIAD2	0.0	0.0	0.0
LRRC66	0.0	0.0	0.0
AC110611.1	0.0	0.0	0.0
HOPX	0.0	0.0	0.0
SPINK2	0.0	0.0	0.0
IGFBP7	0.0	0.0	0.0
CENPC	0.0	0.0	0.0
JCHAIN	0.0	0.0	0.0
RASSF6	0.0	0.0	0.0
PF4	0.0	0.0	0.0
PPBP	0.0	0.0	0.0
CXCL5	0.0	0.0	0.0
CDKL2	0.0	0.0	0.0
CXCL9	0.0	0.0	0.0
CXCL10	0.0	0.0	0.0
CXCL11	0.0	0.0	0.0
AC098818.2	0.0	0.0	0.0
PRKG2	0.0	0.0	0.0
TMEM150C	0.0	0.0	0.0
SCD5	0.0	0.0	0.0
AC112250.2	0.0	0.0	0.0
PPM1K	0.0	0.0	0.0
GPRIN3	0.0	0.0	0.0
STPG2	0.0	0.0	0.0
TSPAN5	0.0	0.0	0.0
DDIT4L	0.0	0.0	0.0
SLC9B1	0.0	0.0	0.0
DKK2	0.0	0.0	0.0
LEF1	0.0	0.0	0.0
COL25A1	0.0	0.0	0.0
ELOVL6	0.0	0.0	0.0
FABP2	0.0	0.0	0.0
PDE5A	0.0	0.0	0.0
TNIP3	0.0	0.0	0.0
TMEM155	0.0	0.0	0.0
TRPC3	0.0	0.0	0.0
IL21	0.0	0.0	0.0
AC096711.1	0.0	0.0	0.0
UCP1	0.0	0.0	0.0
INPP4B	0.0	0.0	0.0
ZNF827	0.0	0.0	0.0
AC093835.1	0.0	0.0	0.0
MAP9	0.0	0.0	0.0
GASK1B	0.0	0.0	0.0
MARCH1	0.0	0.0	0.0
MFAP3L	0.0	0.0	0.0
HPGD	0.0	0.0	0.0
AC022325.2	0.0	0.0	0.0
VEGFC	0.0	0.0	0.0
AC107214.1	0.0	0.0	0.0
ACSL1	0.0	0.0	0.0
MIR3945HG	0.0	0.0	0.0
CFAP97	0.0	0.0	0.0
SORBS2	0.0	0.0	0.0
ZNF718	0.0	0.0	0.0
AC092535.5	0.0	0.0	0.0
AC147067.2	0.0	0.0	0.0
GRK4	0.0	0.0	0.0
MSANTD1	0.0	0.0	0.0
AC113615.1	0.0	0.0	0.0
S100P	0.0	0.0	0.0
AC105345.1	0.0	0.0	0.0
C1QTNF7	0.0	0.0	0.0
AC108063.1	0.0	0.0	0.0
LAP3	0.0	0.0	0.0
AC092436.3	0.0	0.0	0.0
LINC02506	0.0	0.0	0.0
DTHD1	0.0	0.0	0.0
AC095057.4	0.0	0.0	0.0
RHOH	0.0	0.0	0.0
CHRNA9	0.0	0.0	0.0
SHISA3	0.0	0.0	0.0
AC096734.2	0.0	0.0	0.0
AC080132.1	0.0	0.0	0.0
AC107068.2	0.0	0.0	0.0
AC023154.1	0.0	0.0	0.0
AC110792.2	0.0	0.0	0.0
PDGFRA	0.0	0.0	0.0
AC068620.2	0.0	0.0	0.0
CXCL8	0.0	0.0	0.0
PF4V1	0.0	0.0	0.0
EREG	0.0	0.0	0.0
AREG	0.0	0.0	0.0
BMP3	0.0	0.0	0.0
HERC5	0.0	0.0	0.0
MMRN1	0.0	0.0	0.0
AC114811.2	0.0	0.0	0.0
AP002026.1	0.0	0.0	0.0
AC097460.1	0.0	0.0	0.0
BANK1	0.0	0.0	0.0
AC004067.1	0.0	0.0	0.0
UGT8	0.0	0.0	0.0
MYOZ2	0.0	0.0	0.0
USP53	0.0	0.0	0.0
AC080089.2	0.0	0.0	0.0
SPRY1	0.0	0.0	0.0
FAT4	0.0	0.0	0.0
AC112236.3	0.0	0.0	0.0
AC110813.1	0.0	0.0	0.0
FAM160A1	0.0	0.0	0.0
AC092611.1	0.0	0.0	0.0
AC097375.3	0.0	0.0	0.0
FAM218A	0.0	0.0	0.0
TENM3	0.0	0.0	0.0
AC084871.3	0.0	0.0	0.0
C4orf47	0.0	0.0	0.0
TLR3	0.0	0.0	0.0
KLKB1	0.0	0.0	0.0
LINC01596	0.0	0.0	0.0
DBET	0.0	0.0	0.0
ZDHHC11B	0.0	0.0	0.0
AC116351.1	0.0	0.0	0.0
LINC02145	0.0	0.0	0.0
AMACR	0.0	0.0	0.0
AC026741.1	0.0	0.0	0.0
AC008964.1	0.0	0.0	0.0
AC108105.1	0.0	0.0	0.0
AC016642.1	0.0	0.0	0.0
ELOVL7	0.0	0.0	0.0
AC025176.1	0.0	0.0	0.0
MAST4-AS1	0.0	0.0	0.0
AC116337.3	0.0	0.0	0.0
GCNT4	0.0	0.0	0.0
AC008897.2	0.0	0.0	0.0
AC113404.1	0.0	0.0	0.0
AC108174.1	0.0	0.0	0.0
MEF2C	0.0	0.0	0.0
SPATA9	0.0	0.0	0.0
LIX1	0.0	0.0	0.0
EFNA5	0.0	0.0	0.0
AC008467.1	0.0	0.0	0.0
EPB41L4A	0.0	0.0	0.0
AC010267.1	0.0	0.0	0.0
AC093535.1	0.0	0.0	0.0
LMNB1-DT	0.0	0.0	0.0
C5orf63	0.0	0.0	0.0
RAPGEF6	0.0	0.0	0.0
AC116366.2	0.0	0.0	0.0
SMAD5-AS1	0.0	0.0	0.0
AC106791.1	0.0	0.0	0.0
SLC23A1	0.0	0.0	0.0
MZB1	0.0	0.0	0.0
NRG2	0.0	0.0	0.0
CD14	0.0	0.0	0.0
PLAC8L1	0.0	0.0	0.0
PPP2R2B	0.0	0.0	0.0
JAKMIP2	0.0	0.0	0.0
AC114939.1	0.0	0.0	0.0
CSF1R	0.0	0.0	0.0
CD74	0.0	0.0	0.0
SPARC	0.0	0.0	0.0
FAXDC2	0.0	0.0	0.0
AC016571.1	0.0	0.0	0.0
AC008676.1	0.0	0.0	0.0
LINC02227	0.0	0.0	0.0
EBF1	0.0	0.0	0.0
CCNJL	0.0	0.0	0.0
DUSP1	0.0	0.0	0.0
AC008429.1	0.0	0.0	0.0
SNCB	0.0	0.0	0.0
FAM153A	0.0	0.0	0.0
AC140125.3	0.0	0.0	0.0
RNF130	0.0	0.0	0.0
FLT4	0.0	0.0	0.0
PLEKHG4B	0.0	0.0	0.0
AC026748.3	0.0	0.0	0.0
AC026412.3	0.0	0.0	0.0
LINC02236	0.0	0.0	0.0
AC010491.2	0.0	0.0	0.0
AC016575.1	0.0	0.0	0.0
AC024588.1	0.0	0.0	0.0
BASP1	0.0	0.0	0.0
C5orf17	0.0	0.0	0.0
AC008766.1	0.0	0.0	0.0
TTC23L	0.0	0.0	0.0
IL7R	0.0	0.0	0.0
CCDC152	0.0	0.0	0.0
AC025171.5	0.0	0.0	0.0
FST	0.0	0.0	0.0
HSPB3	0.0	0.0	0.0
GZMK	0.0	0.0	0.0
GZMA	0.0	0.0	0.0
AC092354.2	0.0	0.0	0.0
AC092353.1	0.0	0.0	0.0
MAST4	0.0	0.0	0.0
OCLN	0.0	0.0	0.0
TMEM171	0.0	0.0	0.0
ARHGEF28	0.0	0.0	0.0
AC010501.2	0.0	0.0	0.0
F2R	0.0	0.0	0.0
AC008581.1	0.0	0.0	0.0
THBS4	0.0	0.0	0.0
RASGRF2	0.0	0.0	0.0
ATP6AP1L	0.0	0.0	0.0
VCAN	0.0	0.0	0.0
AC109492.1	0.0	0.0	0.0
LINC02161	0.0	0.0	0.0
AC108102.1	0.0	0.0	0.0
FAM81B	0.0	0.0	0.0
LIX1-AS1	0.0	0.0	0.0
CAMK4	0.0	0.0	0.0
STARD4-AS1	0.0	0.0	0.0
AC010261.1	0.0	0.0	0.0
AC114284.1	0.0	0.0	0.0
AC008679.1	0.0	0.0	0.0
CHSY3	0.0	0.0	0.0
CSF2	0.0	0.0	0.0
AC004039.1	0.0	0.0	0.0
TGFBI	0.0	0.0	0.0
REEP2	0.0	0.0	0.0
EGR1	0.0	0.0	0.0
SMIM33	0.0	0.0	0.0
CXXC5	0.0	0.0	0.0
AC011379.2	0.0	0.0	0.0
AC005618.1	0.0	0.0	0.0
AC005740.4	0.0	0.0	0.0
KCTD16	0.0	0.0	0.0
AC011370.1	0.0	0.0	0.0
MARCOL	0.0	0.0	0.0
ABLIM3	0.0	0.0	0.0
AC131025.1	0.0	0.0	0.0
CYFIP2	0.0	0.0	0.0
NIPAL4	0.0	0.0	0.0
AC136424.1	0.0	0.0	0.0
MIR3142HG	0.0	0.0	0.0
ZNF454	0.0	0.0	0.0
AC008610.1	0.0	0.0	0.0
AC008443.6	0.0	0.0	0.0
TUBB2A	0.0	0.0	0.0
F13A1	0.0	0.0	0.0
TXNDC5	0.0	0.0	0.0
ERVFRD-1	0.0	0.0	0.0
ADTRP	0.0	0.0	0.0
GFOD1	0.0	0.0	0.0
AL109914.1	0.0	0.0	0.0
AL138824.1	0.0	0.0	0.0
HIST1H1C	0.0	0.0	0.0
HIST1H1D	0.0	0.0	0.0
AL021807.1	0.0	0.0	0.0
HIST1H2BJ	0.0	0.0	0.0
HIST1H3J	0.0	0.0	0.0
AL662890.1	0.0	0.0	0.0
AL662844.4	0.0	0.0	0.0
ATP6V1G2	0.0	0.0	0.0
LTB	0.0	0.0	0.0
NCR3	0.0	0.0	0.0
VWA7	0.0	0.0	0.0
ZBTB12	0.0	0.0	0.0
PRRT1	0.0	0.0	0.0
AL662884.3	0.0	0.0	0.0
HLA-DRB5	0.0	0.0	0.0
HLA-DRB1	0.0	0.0	0.0
HLA-DQB1	0.0	0.0	0.0
HLA-DOB	0.0	0.0	0.0
HLA-DMB	0.0	0.0	0.0
HLA-DMA	0.0	0.0	0.0
HLA-DPA1	0.0	0.0	0.0
AL591002.1	0.0	0.0	0.0
SLC26A8	0.0	0.0	0.0
Z84485.1	0.0	0.0	0.0
CPNE5	0.0	0.0	0.0
CCDC167	0.0	0.0	0.0
TREML1	0.0	0.0	0.0
GUCA1B	0.0	0.0	0.0
AL355385.1	0.0	0.0	0.0
AARS2	0.0	0.0	0.0
AL096865.1	0.0	0.0	0.0
AL035701.1	0.0	0.0	0.0
ENPP5	0.0	0.0	0.0
AL355353.1	0.0	0.0	0.0
AL512347.1	0.0	0.0	0.0
GCM1	0.0	0.0	0.0
KLHL31	0.0	0.0	0.0
AL021368.1	0.0	0.0	0.0
COL9A1	0.0	0.0	0.0
FO393414.3	0.0	0.0	0.0
GJB7	0.0	0.0	0.0
BACH2	0.0	0.0	0.0
GPR63	0.0	0.0	0.0
CD24	0.0	0.0	0.0
SCML4	0.0	0.0	0.0
LINC01268	0.0	0.0	0.0
TRAPPC3L	0.0	0.0	0.0
FAM184A	0.0	0.0	0.0
KIAA0408	0.0	0.0	0.0
SOGA3	0.0	0.0	0.0
THEMIS	0.0	0.0	0.0
AL355581.1	0.0	0.0	0.0
SAMD3	0.0	0.0	0.0
CCN2	0.0	0.0	0.0
VNN2	0.0	0.0	0.0
SLC2A12	0.0	0.0	0.0
SGK1	0.0	0.0	0.0
AL360178.2	0.0	0.0	0.0
AL031772.1	0.0	0.0	0.0
SYNE1	0.0	0.0	0.0
RGS17	0.0	0.0	0.0
AL589693.1	0.0	0.0	0.0
AL355297.2	0.0	0.0	0.0
AL139330.1	0.0	0.0	0.0
SOD2	0.0	0.0	0.0
AL590286.2	0.0	0.0	0.0
PACRG-AS2	0.0	0.0	0.0
Z97205.2	0.0	0.0	0.0
TCTE3	0.0	0.0	0.0
AL109910.2	0.0	0.0	0.0
IRF4	0.0	0.0	0.0
AL136307.1	0.0	0.0	0.0
AL031123.5	0.0	0.0	0.0
DSP	0.0	0.0	0.0
BMP6	0.0	0.0	0.0
AL022098.1	0.0	0.0	0.0
AL133405.1	0.0	0.0	0.0
AL158198.1	0.0	0.0	0.0
AL132775.1	0.0	0.0	0.0
SOX4	0.0	0.0	0.0
HIST1H4A	0.0	0.0	0.0
HIST1H2AC	0.0	0.0	0.0
AL021918.4	0.0	0.0	0.0
HIST1H3H	0.0	0.0	0.0
HIST1H2BM	0.0	0.0	0.0
HIST1H2BO	0.0	0.0	0.0
OR2B6	0.0	0.0	0.0
AL358933.1	0.0	0.0	0.0
ZKSCAN3	0.0	0.0	0.0
Z98745.1	0.0	0.0	0.0
LINC01556	0.0	0.0	0.0
MOG	0.0	0.0	0.0
MDC1-AS1	0.0	0.0	0.0
AL671883.3	0.0	0.0	0.0
LTA	0.0	0.0	0.0
LST1	0.0	0.0	0.0
AIF1	0.0	0.0	0.0
LY6G6F	0.0	0.0	0.0
MPIG6B	0.0	0.0	0.0
STK19	0.0	0.0	0.0
EGFL8	0.0	0.0	0.0
HLA-DRA	0.0	0.0	0.0
HLA-DQA1	0.0	0.0	0.0
HLA-DPB1	0.0	0.0	0.0
HCG25	0.0	0.0	0.0
RPS18	0.0	0.0	0.0
PHF1	0.0	0.0	0.0
ITPR3	0.0	0.0	0.0
PACSIN1	0.0	0.0	0.0
SCUBE3	0.0	0.0	0.0
RPL10A	0.0	0.0	0.0
PIM1	0.0	0.0	0.0
PTCRA	0.0	0.0	0.0
AL359813.1	0.0	0.0	0.0
TJAP1	0.0	0.0	0.0
RSPH9	0.0	0.0	0.0
CAPN11	0.0	0.0	0.0
AL034374.1	0.0	0.0	0.0
COL19A1	0.0	0.0	0.0
OGFRL1	0.0	0.0	0.0
AL080250.1	0.0	0.0	0.0
MYO6	0.0	0.0	0.0
SH3BGRL2	0.0	0.0	0.0
AL359715.3	0.0	0.0	0.0
AL359715.1	0.0	0.0	0.0
AL589740.1	0.0	0.0	0.0
PRDM1	0.0	0.0	0.0
SOBP	0.0	0.0	0.0
SLC16A10	0.0	0.0	0.0
CCN6	0.0	0.0	0.0
AL360015.1	0.0	0.0	0.0
MARCKS	0.0	0.0	0.0
CALHM6	0.0	0.0	0.0
RSPH4A	0.0	0.0	0.0
C6orf58	0.0	0.0	0.0
ARG1	0.0	0.0	0.0
LINC01013	0.0	0.0	0.0
STX11	0.0	0.0	0.0
RAB32	0.0	0.0	0.0
AKAP12	0.0	0.0	0.0
ESR1	0.0	0.0	0.0
OPRM1	0.0	0.0	0.0
AL627422.2	0.0	0.0	0.0
AL023775.2	0.0	0.0	0.0
CCR6	0.0	0.0	0.0
AL603783.1	0.0	0.0	0.0
PDGFA	0.0	0.0	0.0
PRKAR1B	0.0	0.0	0.0
AC102953.2	0.0	0.0	0.0
AC024028.1	0.0	0.0	0.0
AC006042.4	0.0	0.0	0.0
AC006042.2	0.0	0.0	0.0
AC004852.2	0.0	0.0	0.0
VWDE	0.0	0.0	0.0
CRPPA	0.0	0.0	0.0
STEAP1B	0.0	0.0	0.0
KIAA0087	0.0	0.0	0.0
HOXA9	0.0	0.0	0.0
HOXA10	0.0	0.0	0.0
TRIL	0.0	0.0	0.0
CPVL	0.0	0.0	0.0
RP9	0.0	0.0	0.0
AOAH	0.0	0.0	0.0
TRGC2	0.0	0.0	0.0
TRGJP2	0.0	0.0	0.0
TRGC1	0.0	0.0	0.0
TRGJP	0.0	0.0	0.0
TRGJP1	0.0	0.0	0.0
TRGV9	0.0	0.0	0.0
TRGV8	0.0	0.0	0.0
TRGV7	0.0	0.0	0.0
TRGV6	0.0	0.0	0.0
TRGV4	0.0	0.0	0.0
TRGV2	0.0	0.0	0.0
POU6F2-AS2	0.0	0.0	0.0
AC004837.4	0.0	0.0	0.0
IGFBP3	0.0	0.0	0.0
AC020743.1	0.0	0.0	0.0
AC124014.1	0.0	0.0	0.0
ERV3-1	0.0	0.0	0.0
STX1A	0.0	0.0	0.0
GTF2IRD2	0.0	0.0	0.0
FGL2	0.0	0.0	0.0
STEAP4	0.0	0.0	0.0
AC000058.1	0.0	0.0	0.0
CDK6	0.0	0.0	0.0
PON1	0.0	0.0	0.0
GJC3	0.0	0.0	0.0
GAL3ST4	0.0	0.0	0.0
PCOLCE-AS1	0.0	0.0	0.0
UPK3BL2	0.0	0.0	0.0
FBXL13	0.0	0.0	0.0
EFCAB10	0.0	0.0	0.0
TFEC	0.0	0.0	0.0
AC073130.2	0.0	0.0	0.0
ST7-AS2	0.0	0.0	0.0
AC007938.2	0.0	0.0	0.0
AC009275.1	0.0	0.0	0.0
AC083870.1	0.0	0.0	0.0
SLC13A4	0.0	0.0	0.0
WEE2-AS1	0.0	0.0	0.0
TAS2R38	0.0	0.0	0.0
AC245427.2	0.0	0.0	0.0
EPHA1	0.0	0.0	0.0
CTAGE6	0.0	0.0	0.0
ARHGEF35	0.0	0.0	0.0
AC004877.1	0.0	0.0	0.0
TMEM176B	0.0	0.0	0.0
ATG9B	0.0	0.0	0.0
WDR86	0.0	0.0	0.0
LINC01006	0.0	0.0	0.0
AC147651.1	0.0	0.0	0.0
AC102953.1	0.0	0.0	0.0
AC104129.1	0.0	0.0	0.0
CHST12	0.0	0.0	0.0
AC073343.2	0.0	0.0	0.0
AC006042.1	0.0	0.0	0.0
TSPAN13	0.0	0.0	0.0
SNX10	0.0	0.0	0.0
CREB5	0.0	0.0	0.0
POU6F2	0.0	0.0	0.0
STK17A	0.0	0.0	0.0
AC073115.2	0.0	0.0	0.0
ABCA13	0.0	0.0	0.0
LINC02848	0.0	0.0	0.0
ZNF727	0.0	0.0	0.0
ZNF92	0.0	0.0	0.0
KCTD7	0.0	0.0	0.0
SPDYE21P	0.0	0.0	0.0
NCF1	0.0	0.0	0.0
TRIM73	0.0	0.0	0.0
HSPB1	0.0	0.0	0.0
CD36	0.0	0.0	0.0
ADAM22	0.0	0.0	0.0
AC002383.1	0.0	0.0	0.0
STEAP2	0.0	0.0	0.0
GNG11	0.0	0.0	0.0
PPP1R9A	0.0	0.0	0.0
BHLHA15	0.0	0.0	0.0
AC093799.1	0.0	0.0	0.0
NPTX2	0.0	0.0	0.0
CYP3A43	0.0	0.0	0.0
SERPINE1	0.0	0.0	0.0
COL26A1	0.0	0.0	0.0
ORAI2	0.0	0.0	0.0
AC004884.2	0.0	0.0	0.0
PRKAR2B	0.0	0.0	0.0
LRRN3	0.0	0.0	0.0
CAV2	0.0	0.0	0.0
CAV1	0.0	0.0	0.0
LMOD2	0.0	0.0	0.0
AC000123.1	0.0	0.0	0.0
SMKR1	0.0	0.0	0.0
CPA5	0.0	0.0	0.0
AC007938.3	0.0	0.0	0.0
AC016831.6	0.0	0.0	0.0
LINC00513	0.0	0.0	0.0
AC058791.1	0.0	0.0	0.0
CALD1	0.0	0.0	0.0
AGBL3	0.0	0.0	0.0
CLEC2L	0.0	0.0	0.0
TRBV3-1	0.0	0.0	0.0
TRBV5-1	0.0	0.0	0.0
TRBV6-1	0.0	0.0	0.0
TRBV6-2	0.0	0.0	0.0
TRBV10-1	0.0	0.0	0.0
TRBV11-2	0.0	0.0	0.0
TRBV6-7	0.0	0.0	0.0
TRBV7-9	0.0	0.0	0.0
TRBV13	0.0	0.0	0.0
TRBV14	0.0	0.0	0.0
TRBV16	0.0	0.0	0.0
TRBV18	0.0	0.0	0.0
TRBV21-1	0.0	0.0	0.0
TRBV23-1	0.0	0.0	0.0
TRBV24-1	0.0	0.0	0.0
MTRNR2L6	0.0	0.0	0.0
TRBVB	0.0	0.0	0.0
TRBV27	0.0	0.0	0.0
TRBV29-1	0.0	0.0	0.0
PRSS2	0.0	0.0	0.0
TRBJ1-6	0.0	0.0	0.0
TRBC1	0.0	0.0	0.0
TRBJ2-1	0.0	0.0	0.0
TRBJ2-4	0.0	0.0	0.0
TRBJ2-7	0.0	0.0	0.0
TRBC2	0.0	0.0	0.0
PIP	0.0	0.0	0.0
CNTNAP2	0.0	0.0	0.0
ZNF783	0.0	0.0	0.0
LINC00996	0.0	0.0	0.0
TMEM176A	0.0	0.0	0.0
AC021097.1	0.0	0.0	0.0
AC006372.1	0.0	0.0	0.0
AC100810.7	0.0	0.0	0.0
AF287957.1	0.0	0.0	0.0
AC069185.1	0.0	0.0	0.0
USP17L7	0.0	0.0	0.0
AC021613.1	0.0	0.0	0.0
AC105046.1	0.0	0.0	0.0
AC120193.1	0.0	0.0	0.0
NEFL	0.0	0.0	0.0
CLU	0.0	0.0	0.0
AC021678.2	0.0	0.0	0.0
DUSP4	0.0	0.0	0.0
MBOAT4	0.0	0.0	0.0
AC026979.2	0.0	0.0	0.0
AC026979.1	0.0	0.0	0.0
PLPP5	0.0	0.0	0.0
ZMAT4	0.0	0.0	0.0
CEBPD	0.0	0.0	0.0
AC103769.1	0.0	0.0	0.0
SDR16C5	0.0	0.0	0.0
TOX	0.0	0.0	0.0
AC068389.3	0.0	0.0	0.0
PDE7A	0.0	0.0	0.0
AC009879.4	0.0	0.0	0.0
MYBL1	0.0	0.0	0.0
SLCO5A1	0.0	0.0	0.0
SBSPON	0.0	0.0	0.0
TPD52	0.0	0.0	0.0
C8orf88	0.0	0.0	0.0
FSBP	0.0	0.0	0.0
AP003692.1	0.0	0.0	0.0
AC068189.2	0.0	0.0	0.0
MIR3150BHG	0.0	0.0	0.0
AC018442.2	0.0	0.0	0.0
SNX31	0.0	0.0	0.0
AP003469.2	0.0	0.0	0.0
NCALD	0.0	0.0	0.0
KLF10	0.0	0.0	0.0
AC025370.2	0.0	0.0	0.0
AC012213.3	0.0	0.0	0.0
TRPS1	0.0	0.0	0.0
AC108136.1	0.0	0.0	0.0
AC090921.1	0.0	0.0	0.0
MTSS1	0.0	0.0	0.0
LRATD2	0.0	0.0	0.0
CASC8	0.0	0.0	0.0
AC108925.1	0.0	0.0	0.0
AF230666.1	0.0	0.0	0.0
ST3GAL1	0.0	0.0	0.0
AC011676.1	0.0	0.0	0.0
ARC	0.0	0.0	0.0
LYPD2	0.0	0.0	0.0
AF235103.3	0.0	0.0	0.0
ZNF596	0.0	0.0	0.0
ARHGEF10	0.0	0.0	0.0
AC104964.4	0.0	0.0	0.0
BLK	0.0	0.0	0.0
AC124242.3	0.0	0.0	0.0
SH2D4A	0.0	0.0	0.0
AC103719.1	0.0	0.0	0.0
DMTN	0.0	0.0	0.0
PIWIL2	0.0	0.0	0.0
TNFRSF10A-AS1	0.0	0.0	0.0
AC108449.1	0.0	0.0	0.0
AC087623.1	0.0	0.0	0.0
IDO1	0.0	0.0	0.0
AC087533.1	0.0	0.0	0.0
XKR4	0.0	0.0	0.0
LYN	0.0	0.0	0.0
AC090152.1	0.0	0.0	0.0
AC113143.3	0.0	0.0	0.0
AC022182.1	0.0	0.0	0.0
VXN	0.0	0.0	0.0
AC022893.1	0.0	0.0	0.0
AC027018.1	0.0	0.0	0.0
AC087627.1	0.0	0.0	0.0
AC036214.4	0.0	0.0	0.0
CA3	0.0	0.0	0.0
AC100801.1	0.0	0.0	0.0
LINC00534	0.0	0.0	0.0
LRRC69	0.0	0.0	0.0
SLC26A7	0.0	0.0	0.0
AC117834.1	0.0	0.0	0.0
AC010834.3	0.0	0.0	0.0
AC010834.1	0.0	0.0	0.0
AP003696.1	0.0	0.0	0.0
AP003354.1	0.0	0.0	0.0
BAALC	0.0	0.0	0.0
DCSTAMP	0.0	0.0	0.0
AARD	0.0	0.0	0.0
AC023590.1	0.0	0.0	0.0
AC068228.3	0.0	0.0	0.0
WDYHV1	0.0	0.0	0.0
POU5F1B	0.0	0.0	0.0
MYC	0.0	0.0	0.0
LINC02055	0.0	0.0	0.0
AC011676.3	0.0	0.0	0.0
ZNF707	0.0	0.0	0.0
WDR97	0.0	0.0	0.0
ZNF252P-AS1	0.0	0.0	0.0
AL136979.1	0.0	0.0	0.0
AL354977.1	0.0	0.0	0.0
AL136980.1	0.0	0.0	0.0
AL133480.1	0.0	0.0	0.0
BNC2	0.0	0.0	0.0
MLLT3	0.0	0.0	0.0
IFNA5	0.0	0.0	0.0
AL157937.1	0.0	0.0	0.0
AL353746.1	0.0	0.0	0.0
AQP3	0.0	0.0	0.0
ENHO	0.0	0.0	0.0
AL355377.3	0.0	0.0	0.0
CD72	0.0	0.0	0.0
SIT1	0.0	0.0	0.0
TPM2	0.0	0.0	0.0
SPAG8	0.0	0.0	0.0
PAX5	0.0	0.0	0.0
AL512604.2	0.0	0.0	0.0
AL590399.3	0.0	0.0	0.0
C9orf135-DT	0.0	0.0	0.0
CEMIP2	0.0	0.0	0.0
LINC01474	0.0	0.0	0.0
ALDH1A1	0.0	0.0	0.0
AL137018.1	0.0	0.0	0.0
NMRK1	0.0	0.0	0.0
TLE1	0.0	0.0	0.0
AL353743.2	0.0	0.0	0.0
AL157936.1	0.0	0.0	0.0
FANCC	0.0	0.0	0.0
PTCH1	0.0	0.0	0.0
AL160269.1	0.0	0.0	0.0
ZNF367	0.0	0.0	0.0
ZNF510	0.0	0.0	0.0
HEMGN	0.0	0.0	0.0
AL354726.1	0.0	0.0	0.0
SMC2-AS1	0.0	0.0	0.0
OR13C9	0.0	0.0	0.0
KLF4	0.0	0.0	0.0
AL358779.1	0.0	0.0	0.0
CTNNAL1	0.0	0.0	0.0
TMEM245	0.0	0.0	0.0
AL390067.1	0.0	0.0	0.0
MEGF9	0.0	0.0	0.0
OR1L8	0.0	0.0	0.0
AC007066.3	0.0	0.0	0.0
AK1	0.0	0.0	0.0
FAM102A	0.0	0.0	0.0
ODF2-AS1	0.0	0.0	0.0
AL592211.1	0.0	0.0	0.0
PTGES	0.0	0.0	0.0
AL157938.2	0.0	0.0	0.0
AL157938.3	0.0	0.0	0.0
AL358781.2	0.0	0.0	0.0
DBH-AS1	0.0	0.0	0.0
BX649632.1	0.0	0.0	0.0
FCN1	0.0	0.0	0.0
C9orf116	0.0	0.0	0.0
AL161452.1	0.0	0.0	0.0
CCDC183-AS1	0.0	0.0	0.0
AL807752.5	0.0	0.0	0.0
CLIC3	0.0	0.0	0.0
ABCA2	0.0	0.0	0.0
NPDC1	0.0	0.0	0.0
LRRC26	0.0	0.0	0.0
STPG3-AS1	0.0	0.0	0.0
AL954642.1	0.0	0.0	0.0
KANK1	0.0	0.0	0.0
VLDLR	0.0	0.0	0.0
JAK2	0.0	0.0	0.0
ACER2	0.0	0.0	0.0
AL158206.1	0.0	0.0	0.0
AL355432.1	0.0	0.0	0.0
ANKRD18B	0.0	0.0	0.0
AL356489.3	0.0	0.0	0.0
IL11RA	0.0	0.0	0.0
NPR2	0.0	0.0	0.0
AL161781.2	0.0	0.0	0.0
ZCCHC7	0.0	0.0	0.0
AL513165.1	0.0	0.0	0.0
FAM201A	0.0	0.0	0.0
ANKRD20A4	0.0	0.0	0.0
FAM189A2	0.0	0.0	0.0
ANXA1	0.0	0.0	0.0
CARNMT1-AS1	0.0	0.0	0.0
CEP78	0.0	0.0	0.0
AL162585.1	0.0	0.0	0.0
AL158071.1	0.0	0.0	0.0
SUSD3	0.0	0.0	0.0
NUTM2G	0.0	0.0	0.0
LINC01505	0.0	0.0	0.0
PALM2-AKAP2	0.0	0.0	0.0
ZNF483	0.0	0.0	0.0
UGCG	0.0	0.0	0.0
SLC31A2	0.0	0.0	0.0
ORM1	0.0	0.0	0.0
PAPPA	0.0	0.0	0.0
AL359644.1	0.0	0.0	0.0
AL359636.2	0.0	0.0	0.0
OR1K1	0.0	0.0	0.0
MIR181A2HG	0.0	0.0	0.0
ARPC5L	0.0	0.0	0.0
TTC16	0.0	0.0	0.0
AL162586.2	0.0	0.0	0.0
AL162586.1	0.0	0.0	0.0
AL157935.1	0.0	0.0	0.0
LCN2	0.0	0.0	0.0
AL158151.1	0.0	0.0	0.0
AL161785.2	0.0	0.0	0.0
AL161785.3	0.0	0.0	0.0
AL158207.2	0.0	0.0	0.0
LAMC3	0.0	0.0	0.0
GFI1B	0.0	0.0	0.0
STKLD1	0.0	0.0	0.0
BX649601.1	0.0	0.0	0.0
COL5A1	0.0	0.0	0.0
KCNT1	0.0	0.0	0.0
C9orf163	0.0	0.0	0.0
AL592301.1	0.0	0.0	0.0
DIPK1B	0.0	0.0	0.0
AJM1	0.0	0.0	0.0
PTGDS	0.0	0.0	0.0
NLGN4X	0.0	0.0	0.0
AC004554.2	0.0	0.0	0.0
PIR	0.0	0.0	0.0
AP1S2	0.0	0.0	0.0
BEND2	0.0	0.0	0.0
AL807742.1	0.0	0.0	0.0
KLHL34	0.0	0.0	0.0
AL592156.2	0.0	0.0	0.0
AC108879.1	0.0	0.0	0.0
LINC01281	0.0	0.0	0.0
CFP	0.0	0.0	0.0
PCSK1N	0.0	0.0	0.0
PIM2	0.0	0.0	0.0
FOXP3	0.0	0.0	0.0
DGKK	0.0	0.0	0.0
SHROOM4	0.0	0.0	0.0
WNK3	0.0	0.0	0.0
NLRP2B	0.0	0.0	0.0
ASB12	0.0	0.0	0.0
AL139398.1	0.0	0.0	0.0
CXCR3	0.0	0.0	0.0
ERCC6L	0.0	0.0	0.0
CITED1	0.0	0.0	0.0
XIST	0.0	0.0	0.0
NEXMIF	0.0	0.0	0.0
PGAM4	0.0	0.0	0.0
ITM2A	0.0	0.0	0.0
POF1B	0.0	0.0	0.0
TSPAN6	0.0	0.0	0.0
SYTL4	0.0	0.0	0.0
XKRX	0.0	0.0	0.0
ZMAT1	0.0	0.0	0.0
BEX2	0.0	0.0	0.0
SLC25A53	0.0	0.0	0.0
NUP62CL	0.0	0.0	0.0
TRPC5	0.0	0.0	0.0
TENM1	0.0	0.0	0.0
MCF2	0.0	0.0	0.0
LDOC1	0.0	0.0	0.0
PDZD4	0.0	0.0	0.0
AC244090.3	0.0	0.0	0.0
IL3RA	0.0	0.0	0.0
AL683807.1	0.0	0.0	0.0
CLCN4	0.0	0.0	0.0
OFD1	0.0	0.0	0.0
BMX	0.0	0.0	0.0
PHKA2-AS1	0.0	0.0	0.0
EIF1AX-AS1	0.0	0.0	0.0
CNKSR2	0.0	0.0	0.0
SAT1	0.0	0.0	0.0
MAGEB2	0.0	0.0	0.0
LANCL3	0.0	0.0	0.0
XK	0.0	0.0	0.0
CYBB	0.0	0.0	0.0
CCNB3	0.0	0.0	0.0
AL158055.1	0.0	0.0	0.0
TSPYL2	0.0	0.0	0.0
PAGE2	0.0	0.0	0.0
KLF8	0.0	0.0	0.0
FAAH2	0.0	0.0	0.0
LINC00891	0.0	0.0	0.0
TSIX	0.0	0.0	0.0
SLC16A2	0.0	0.0	0.0
P2RY10	0.0	0.0	0.0
GPR174	0.0	0.0	0.0
DACH2	0.0	0.0	0.0
FAM133A	0.0	0.0	0.0
TCEAL7	0.0	0.0	0.0
BEX3	0.0	0.0	0.0
MORF4L2-AS1	0.0	0.0	0.0
RADX	0.0	0.0	0.0
FRMPD3	0.0	0.0	0.0
PGRMC1	0.0	0.0	0.0
RHOXF1-AS1	0.0	0.0	0.0
AC002377.1	0.0	0.0	0.0
AL359851.1	0.0	0.0	0.0
SMIM10L2A	0.0	0.0	0.0
FHL1	0.0	0.0	0.0
LINC00892	0.0	0.0	0.0
CD40LG	0.0	0.0	0.0
FMR1-IT1	0.0	0.0	0.0
BX546450.2	0.0	0.0	0.0
PLXNA3	0.0	0.0	0.0
AC009494.2	0.0	0.0	0.0
